"","Project","Year","Month","Day","Time","Time_Zone","Event_Stamp","Plot","Sapflux_Tree_ID","Sample_Grid","Sample_ID","Field_Notes","Sample_Matrix","CH4_ppm","CH4_Flag","CO2_ppm","CO2_Flag"
"1","COMPASS: TEMPEST",2023,"June",4,1322,"EDT","0","Control","C1","F5","1","~0.1 mL liquid pulled w/gas","G",81573.0879864901,"Over Std Curve Range",49074.8269776976,"Within Std Curve Range"
"2","COMPASS: TEMPEST",2023,"June",8,1407,"EDT","4","Control","C1","F5","167","","G",30358.456484196,"Within Std Curve Range",33718.7847398047,"Within Std Curve Range"
"3","COMPASS: TEMPEST",2023,"July",12,1325,"EDT",NA,"Control","C1","F5","1","","G",8522.00736288257,"Within Std Curve Range",47946.5964310097,"Within Std Curve Range"
"4","COMPASS: TEMPEST",2023,"October",3,959,"EDT",NA,"Control","C1","F5","31",NA,"G",98926.3805892155,"Over Std Curve Range",57403.1029339759,"Within Std Curve Range"
"5","COMPASS: TEMPEST",2023,"May",16,1229,"EDT",NA,"Control","C1","F5","31","","G",83279.9149340254,"Within Std Curve Range",55348.990502006,"Within Std Curve Range"
"6","COMPASS: TEMPEST",2023,"June",5,1517,"EDT","1","Control","C1","F5","37","replaced the rubber on the septa; extracted 1 mL","G",10474.6621963767,"Within Std Curve Range",8358.35734602866,"Within Std Curve Range"
"7","COMPASS: TEMPEST",2023,"November",3,1345,"EDT",NA,"Control","C1","F5","1",NA,"G",96362.6560264765,"Over Std Curve Range",46323.8474930096,"Within Std Curve Range"
"8","COMPASS: TEMPEST",2023,"June",7,1353,"EDT","3_PM","Control","C1","F5","134","","G",76748.5009485265,"Over Std Curve Range",52512.0962718902,"Within Std Curve Range"
"9","COMPASS: TEMPEST",2023,"August",14,1007,"EDT",NA,"Control","C1","F5","31","a little water","G",35908.9237597742,"Within Std Curve Range",49135.0245251263,"Within Std Curve Range"
"10","COMPASS: TEMPEST",2023,"March",2,1213,"EDT",NA,"Control","C1","F5","1","","G",43250.747706838,"Within Std Curve Range",30830.1060389298,"Within Std Curve Range"
"11","COMPASS: TEMPEST",2023,"September",12,1034,"EDT",NA,"Control","C1","F5","1",NA,"G",64294.4245875151,"Within Std Curve Range",52358.4262810071,"Within Std Curve Range"
"12","COMPASS: TEMPEST",2023,"June",9,1157,"EDT","5","Control","C1","F5","200","","G",36024.2770395497,"Within Std Curve Range",37717.3340285696,"Within Std Curve Range"
"13","COMPASS: TEMPEST",2023,"July",12,1340,"EDT",NA,"Control","C11_H","F2","5","high well","G",698.352828807289,"Within Std Curve Range",68625.503690374,"Within Std Curve Range"
"14","COMPASS: TEMPEST",2023,"September",12,1037,"EDT",NA,"Control","C11_H","F2","5",NA,"G",834.805784461424,"Within Std Curve Range",62375.2769894432,"Within Std Curve Range"
"15","COMPASS: TEMPEST",2023,"August",14,1012,"EDT",NA,"Control","C11_H","F2","35","high well","G",903.861137639298,"Within Std Curve Range",68017.9898350416,"Within Std Curve Range"
"16","COMPASS: TEMPEST",2023,"June",6,1237,"EDT","2","Control","C11_H","F2","74","","G",72.2739743989396,"Within Std Curve Range",40854.637663882,"Within Std Curve Range"
"17","COMPASS: TEMPEST",2023,"June",7,817,"EDT","3_AM","Control","C11_H","F2","106","","G",429.888854215561,"Within Std Curve Range",28693.0955529445,"Within Std Curve Range"
"18","COMPASS: TEMPEST",2023,"June",7,1313,"EDT","3_PM","Control","C11_H","F2","139","","G",74.2895777421641,"Within Std Curve Range",46507.9667354343,"Within Std Curve Range"
"19","COMPASS: TEMPEST",2023,"June",8,1326,"EDT","4","Control","C11_H","F2","172","","G",50.2542248014088,"Within Std Curve Range",32315.0819333508,"Within Std Curve Range"
"20","COMPASS: TEMPEST",2023,"November",3,1410,"EDT",NA,"Control","C11_H","F2","5",NA,"G",54.2806105612484,"Within Std Curve Range",31793.7760761443,"Within Std Curve Range"
"21","COMPASS: TEMPEST",2023,"June",4,1338,"EDT","0","Control","C11_H","F2","6","","G",2170.19120701253,"Within Std Curve Range",42049.6231383779,"Within Std Curve Range"
"22","COMPASS: TEMPEST",2023,"June",9,1220,"EDT","5","Control","C11_H","F2","205","","G",59.5734058329187,"Within Std Curve Range",43778.8408872879,"Within Std Curve Range"
"23","COMPASS: TEMPEST",2023,"June",5,1246,"EDT","1","Control","C11_H","F2","42","pressure; push back on syringe","G",97.8584950343776,"Within Std Curve Range",51273.696314048,"Within Std Curve Range"
"24","COMPASS: TEMPEST",2023,"October",3,949,"EDT",NA,"Control","C11_H","F2","35",NA,"G",718.092757180276,"Within Std Curve Range",63527.1218688652,"Within Std Curve Range"
"25","COMPASS: TEMPEST",2023,"June",7,1314,"EDT","3_PM","Control","C11_L","F2","140","","G",133.778357472716,"Within Std Curve Range",102453.245232188,"Within Std Curve Range"
"26","COMPASS: TEMPEST",2023,"June",8,1327,"EDT","4","Control","C11_L","F2","173","","G",80.2138566333183,"Within Std Curve Range",87588.3172210773,"Within Std Curve Range"
"27","COMPASS: TEMPEST",2023,"June",7,818,"EDT","3_AM","Control","C11_L","F2","107","","G",220.149779413417,"Within Std Curve Range",113427.511286083,"Within Std Curve Range"
"28","COMPASS: TEMPEST",2023,"March",2,1211,"EDT",NA,"Control","C11_L","F2","5","","G",830.892254444866,"Within Std Curve Range",62406.5101457756,"Within Std Curve Range"
"29","COMPASS: TEMPEST",2023,"June",6,1238,"EDT","2","Control","C11_L","F2","75","","G",129.534353892102,"Within Std Curve Range",95500.1582802979,"Within Std Curve Range"
"30","COMPASS: TEMPEST",2023,"June",4,1339,"EDT","0","Control","C11_L","F2","7","","G",190.165678286492,"Within Std Curve Range",85437.1871843701,"Within Std Curve Range"
"31","COMPASS: TEMPEST",2023,"May",16,1232,"EDT",NA,"Control","C11_L","F2","35","","G",661.069846392798,"Within Std Curve Range",93471.4037035191,"Within Std Curve Range"
"32","COMPASS: TEMPEST",2023,"June",9,1221,"EDT","5","Control","C11_L","F2","206","","G",71.7065973328882,"Within Std Curve Range",98350.532790134,"Within Std Curve Range"
"33","COMPASS: TEMPEST",2023,"June",5,1247,"EDT","1","Control","C11_L","F2","43","","G",165.128273471572,"Within Std Curve Range",91061.8250504622,"Within Std Curve Range"
"34","COMPASS: TEMPEST",2023,"November",3,1348,"EDT",NA,"Control","C13","B8","7",NA,"G",32537.614934063,"Within Std Curve Range",46071.7981738635,"Within Std Curve Range"
"35","COMPASS: TEMPEST",2023,"October",3,955,"EDT",NA,"Control","C13","B8","37",NA,"G",76950.5036381603,"Over Std Curve Range",65428.4560123203,"Within Std Curve Range"
"36","COMPASS: TEMPEST",2023,"September",12,1026,"EDT",NA,"Control","C13","B8","7",NA,"G",74269.1910838053,"Over Std Curve Range",81015.7117074736,"Within Std Curve Range"
"37","COMPASS: TEMPEST",2023,"June",7,942,"EDT","3_AM","Control","C13","B8","110","","G",124722.88326766,"Over Std Curve Range",79786.2690652378,"Within Std Curve Range"
"38","COMPASS: TEMPEST",2023,"June",9,1018,"EDT","5","Control","C13","B8","209","","G",73359.6907745175,"Over Std Curve Range",68969.3661841109,"Within Std Curve Range"
"39","COMPASS: TEMPEST",2023,"July",12,1358,"EDT",NA,"Control","C13","B8","7","","G",90898.9572442661,"Over Std Curve Range",78495.0753165112,"Within Std Curve Range"
"40","COMPASS: TEMPEST",2023,"June",6,1324,"EDT","2","Control","C13","B8","78","","G",95867.3118084149,"Over Std Curve Range",66647.2071846187,"Within Std Curve Range"
"41","COMPASS: TEMPEST",2023,"August",14,1000,"EDT",NA,"Control","C13","B8","37","","G",99991.2827087944,"Over Std Curve Range",82055.1911641549,"Within Std Curve Range"
"42","COMPASS: TEMPEST",2023,"June",5,1348,"EDT","1","Control","C13","B8","46","","G",72885.1457818558,"Over Std Curve Range",55284.3205027592,"Within Std Curve Range"
"43","COMPASS: TEMPEST",2023,"May",16,1222,"EDT",NA,"Control","C13","B8","37","","G",124123.454530275,"Over Std Curve Range",65510.1424298206,"Within Std Curve Range"
"44","COMPASS: TEMPEST",2023,"March",2,1222,"EDT",NA,"Control","C13","B8","7","","G",81088.9807221455,"Within Std Curve Range",32406.2309680413,"Within Std Curve Range"
"45","COMPASS: TEMPEST",2023,"June",7,1442,"EDT","3_PM","Control","C13","B8","143","","G",96361.9494986398,"Over Std Curve Range",59730.812662019,"Within Std Curve Range"
"46","COMPASS: TEMPEST",2023,"June",8,1239,"EDT","4","Control","C13","B8","176","","G",76113.6993362592,"Over Std Curve Range",54166.7314454351,"Within Std Curve Range"
"47","COMPASS: TEMPEST",2023,"June",4,1440,"EDT","0","Control","C13","B8","10","","G",84088.2499822088,"Over Std Curve Range",58659.3896092712,"Within Std Curve Range"
"48","COMPASS: TEMPEST",2023,"October",3,954,"EDT",NA,"Control","C14","B7","38",NA,"G",3240.39396671049,"Within Std Curve Range",61973.005875916,"Within Std Curve Range"
"49","COMPASS: TEMPEST",2023,"June",7,1440,"EDT","3_PM","Control","C14","B7","144","","G",1651.89317917256,"Within Std Curve Range",64874.3006898223,"Within Std Curve Range"
"50","COMPASS: TEMPEST",2023,"September",12,1025,"EDT",NA,"Control","C14","B7","8",NA,"G",2209.54984788986,"Within Std Curve Range",76109.6181080043,"Within Std Curve Range"
"51","COMPASS: TEMPEST",2023,"June",8,1238,"EDT","4","Control","C14","B7","177","","G",1475.88015313102,"Within Std Curve Range",63875.4889264347,"Within Std Curve Range"
"52","COMPASS: TEMPEST",2023,"March",2,1223,"EDT",NA,"Control","C14","B7","8","","G",13673.322031272,"Within Std Curve Range",31134.0448021751,"Within Std Curve Range"
"53","COMPASS: TEMPEST",2023,"June",9,1016,"EDT","5","Control","C14","B7","210","","G",19.3151462811494,"Within Std Curve Range",73741.5915712563,"Within Std Curve Range"
"54","COMPASS: TEMPEST",2023,"June",6,1323,"EDT","2","Control","C14","B7","79","","G",2681.8703387908,"Within Std Curve Range",64414.5543620435,"Within Std Curve Range"
"55","COMPASS: TEMPEST",2023,"June",7,934,"EDT","3_AM","Control","C14","B7","111","","G",2699.66694616752,"Within Std Curve Range",78367.4463971946,"Within Std Curve Range"
"56","COMPASS: TEMPEST",2023,"August",14,1002,"EDT",NA,"Control","C14","B7","38","","G",10088.1183981837,"Within Std Curve Range",88988.8690998326,"Within Std Curve Range"
"57","COMPASS: TEMPEST",2023,"November",3,1349,"EDT",NA,"Control","C14","B7","8",NA,"G",4194.78358416587,"Within Std Curve Range",46689.6869286256,"Within Std Curve Range"
"58","COMPASS: TEMPEST",2023,"July",12,NA,"EDT",NA,"Control","C14","B7","8","","G",8454.11376411268,"Within Std Curve Range",87539.5241639979,"Within Std Curve Range"
"59","COMPASS: TEMPEST",2023,"June",4,1430,"EDT","0","Control","C14","B7","11","","G",3139.43890516547,"Within Std Curve Range",56701.2194764094,"Within Std Curve Range"
"60","COMPASS: TEMPEST",2023,"June",5,1345,"EDT","1","Control","C14","B7","47","pressure - hard to sample","G",1271.82498771397,"Within Std Curve Range",397220.20389322,"Over Std Curve Range"
"61","COMPASS: TEMPEST",2023,"May",16,1223,"EDT",NA,"Control","C14","B7","38","","G",16704.8008772598,"Within Std Curve Range",66059.7735768578,"Within Std Curve Range"
"62","COMPASS: TEMPEST",2023,"September",12,1027,"EDT",NA,"Control","C15","A4","9",NA,"G",11863.5423683189,"Within Std Curve Range",32519.712910446,"Within Std Curve Range"
"63","COMPASS: TEMPEST",2023,"August",14,1003,"EDT",NA,"Control","C15","A4","39","","G",1086.75379908553,"Within Std Curve Range",17111.8040849754,"Within Std Curve Range"
"64","COMPASS: TEMPEST",2023,"May",16,1225,"EDT",NA,"Control","C15","A4","39","","G",4881.53333869714,"Within Std Curve Range",31948.8627174554,"Within Std Curve Range"
"65","COMPASS: TEMPEST",2023,"June",7,1457,"EDT","3_PM","Control","C15","A4","145","negative pressure; extracted 0.5mL","G",13370.3009225075,"Within Std Curve Range",50084.1030711479,"Within Std Curve Range"
"66","COMPASS: TEMPEST",2023,"November",3,1351,"EDT",NA,"Control","C15","A4","9",NA,"G",30776.2439360066,"Within Std Curve Range",39206.6236830456,"Within Std Curve Range"
"67","COMPASS: TEMPEST",2023,"July",12,1351,"EDT",NA,"Control","C15","A4","9","0.9mL","G",171.189584219072,"Within Std Curve Range",18988.1686606711,"Within Std Curve Range"
"68","COMPASS: TEMPEST",2023,"June",6,1343,"EDT","2","Control","C15","A4","80","strong vaccuum from the tree; 1 mL extracted","G",1080.16283906986,"Within Std Curve Range",54445.2447085807,"Within Std Curve Range"
"69","COMPASS: TEMPEST",2023,"June",4,1455,"EDT","0","Control","C15","A4","12","wet; only 1 mL gas","G",7228.9424251817,"Within Std Curve Range",30995.5826961772,"Within Std Curve Range"
"70","COMPASS: TEMPEST",2023,"March",2,1219,"EDT",NA,"Control","C15","A4","9","","G",5181.02490821981,"Within Std Curve Range",25983.8967739207,"Within Std Curve Range"
"71","COMPASS: TEMPEST",2023,"October",3,953,"EDT",NA,"Control","C15","A4","39",NA,"G",7013.11143204658,"Within Std Curve Range",43085.4454627884,"Within Std Curve Range"
"72","COMPASS: TEMPEST",2023,"October",3,950,"EDT",NA,"Control","C19_H","A1","36",NA,"G",2796.7978083583,"Within Std Curve Range",45003.4687239667,"Within Std Curve Range"
"73","COMPASS: TEMPEST",2023,"July",12,1345,"EDT",NA,"Control","C19_H","A1","6","","G",508.289721370867,"Within Std Curve Range",30680.7274075214,"Within Std Curve Range"
"74","COMPASS: TEMPEST",2023,"September",12,1030,"EDT",NA,"Control","C19_H","A1","6",NA,"G",2955.43003894135,"Within Std Curve Range",52668.6748669361,"Within Std Curve Range"
"75","COMPASS: TEMPEST",2023,"August",14,1005,"EDT",NA,"Control","C19_H","A1","36","high well","G",1999.08105902737,"Within Std Curve Range",56450.6765188726,"Within Std Curve Range"
"76","COMPASS: TEMPEST",2023,"June",5,1423,"EDT","1","Control","C19_H","A1","44","use the ""extra"" tube; the original tube has a misutre of gases from low and high","G",333.302719564556,"Within Std Curve Range",22206.3700632665,"Within Std Curve Range"
"77","COMPASS: TEMPEST",2023,"November",3,1408,"EDT",NA,"Control","C19_H","A1","6",NA,"G",140.224050352699,"Within Std Curve Range",8407.00365399128,"Within Std Curve Range"
"78","COMPASS: TEMPEST",2023,"June",8,1348,"EDT","4","Control","C19_H","A1","174","","G",217.886718339171,"Within Std Curve Range",21613.1637359104,"Within Std Curve Range"
"79","COMPASS: TEMPEST",2023,"June",9,1057,"EDT","5","Control","C19_H","A1","207","","G",217.366799370787,"Within Std Curve Range",22686.6658897352,"Within Std Curve Range"
"80","COMPASS: TEMPEST",2023,"June",7,1005,"EDT","3_AM","Control","C19_H","A1","108","","G",116.012037934743,"Within Std Curve Range",52002.3443140199,"Within Std Curve Range"
"81","COMPASS: TEMPEST",2023,"June",6,1357,"EDT","2","Control","C19_H","A1","76","","G",664.508990379246,"Within Std Curve Range",30518.8781324403,"Within Std Curve Range"
"82","COMPASS: TEMPEST",2023,"June",4,1510,"EDT","0","Control","C19_H","A1","8","","G",497.792529484537,"Within Std Curve Range",23376.5736086154,"Within Std Curve Range"
"83","COMPASS: TEMPEST",2023,"June",7,1508,"EDT","3_PM","Control","C19_H","A1","141","","G",16.0615009590379,"Within Std Curve Range",26534.017769119,"Within Std Curve Range"
"84","COMPASS: TEMPEST",2023,"June",6,1356,"EDT","2","Control","C19_L","A1","77","","G",3523.40823987219,"Within Std Curve Range",25028.6629824088,"Within Std Curve Range"
"85","COMPASS: TEMPEST",2023,"June",7,1507,"EDT","3_PM","Control","C19_L","A1","142","","G",2234.01483646264,"Within Std Curve Range",20835.9075230436,"Within Std Curve Range"
"86","COMPASS: TEMPEST",2023,"June",8,1349,"EDT","4","Control","C19_L","A1","175","","G",1040.58824032235,"Within Std Curve Range",17605.9675220224,"Within Std Curve Range"
"87","COMPASS: TEMPEST",2023,"June",4,1511,"EDT","0","Control","C19_L","A1","9","","G",1401.07557535551,"Within Std Curve Range",16424.0851821362,"Within Std Curve Range"
"88","COMPASS: TEMPEST",2023,"June",9,1058,"EDT","5","Control","C19_L","A1","208","","G",601.481356806044,"Within Std Curve Range",17998.0432137944,"Within Std Curve Range"
"89","COMPASS: TEMPEST",2023,"June",7,1004,"EDT","3_AM","Control","C19_L","A1","109","","G",1318.08531212387,"Within Std Curve Range",24175.6029146322,"Within Std Curve Range"
"90","COMPASS: TEMPEST",2023,"June",5,1448,"EDT","1","Control","C19_L","A1","45","","G",1879.45421516159,"Within Std Curve Range",17341.8655620492,"Within Std Curve Range"
"91","COMPASS: TEMPEST",2023,"June",5,1457,"EDT","1","Control","C2","F5","38","","G",26801.4282785633,"Within Std Curve Range",59587.3725209551,"Within Std Curve Range"
"92","COMPASS: TEMPEST",2023,"October",3,957,"EDT",NA,"Control","C2","F5","32",NA,"G",25575.7470417916,"Within Std Curve Range",80503.5036716276,"Within Std Curve Range"
"93","COMPASS: TEMPEST",2023,"June",8,1416,"EDT","4","Control","C2","F5","168","","G",21151.1855172517,"Within Std Curve Range",72623.4390132072,"Within Std Curve Range"
"94","COMPASS: TEMPEST",2023,"September",12,1035,"EDT",NA,"Control","C2","F5","2",NA,"G",19989.0329207018,"Within Std Curve Range",90499.8626785554,"Within Std Curve Range"
"95","COMPASS: TEMPEST",2023,"November",3,1346,"EDT",NA,"Control","C2","F5","2",NA,"G",25655.9651477926,"Within Std Curve Range",57879.1518136289,"Within Std Curve Range"
"96","COMPASS: TEMPEST",2023,"June",7,849,"EDT","3_AM","Control","C2","F5","102_b","","G",31344.1174617338,"Within Std Curve Range",69743.4561088133,"Within Std Curve Range"
"97","COMPASS: TEMPEST",2023,"June",9,1201,"EDT","5","Control","C2","F5","201","","G",17950.6303811745,"Within Std Curve Range",71007.6587963118,"Within Std Curve Range"
"98","COMPASS: TEMPEST",2023,"March",2,1215,"EDT",NA,"Control","C2","F5","2","","G",15965.1506795393,"Within Std Curve Range",43632.8654468326,"Within Std Curve Range"
"99","COMPASS: TEMPEST",2023,"June",6,1248,"EDT","2","Control","C2","F5","70","","G",25504.2594985138,"Within Std Curve Range",78907.4293401862,"Within Std Curve Range"
"100","COMPASS: TEMPEST",2023,"May",16,1229,"EDT",NA,"Control","C2","F5","32","","G",30016.9617620693,"Within Std Curve Range",63515.2433958586,"Within Std Curve Range"
"101","COMPASS: TEMPEST",2023,"August",14,1008,"EDT",NA,"Control","C2","F5","32","","G",19125.1110396289,"Within Std Curve Range",87538.7667209806,"Within Std Curve Range"
"102","COMPASS: TEMPEST",2023,"July",12,1322,"EDT",NA,"Control","C2","F5","2","","G",22929.1761944909,"Within Std Curve Range",74695.6520308778,"Within Std Curve Range"
"103","COMPASS: TEMPEST",2023,"June",7,4105,"EDT","3_PM","Control","C2","F5","135","time is approximate","G",22799.3233037216,"Within Std Curve Range",68172.5277695963,"Within Std Curve Range"
"104","COMPASS: TEMPEST",2023,"June",4,1310,"EDT","0","Control","C2","F5","2","","G",21629.3742567067,"Within Std Curve Range",52798.5273343268,"Within Std Curve Range"
"105","COMPASS: TEMPEST",2023,"August",14,1010,"EDT",NA,"Control","C3","C5","33","","G",1343.12035509096,"Within Std Curve Range",41365.1740538401,"Within Std Curve Range"
"106","COMPASS: TEMPEST",2023,"October",3,1018,"EDT",NA,"Control","C3","C5","33",NA,"G",360.128617605214,"Within Std Curve Range",119806.882921094,"Within Std Curve Range"
"107","COMPASS: TEMPEST",2023,"June",9,1132,"EDT","5","Control","C3","C5","202","removed 15mL of sap before 2mL gas obtained","G",793.410830443843,"Within Std Curve Range",200029.249492956,"Within Std Curve Range"
"108","COMPASS: TEMPEST",2023,"September",12,1032,"EDT",NA,"Control","C3","C5","3",NA,"G",111.555941103899,"Within Std Curve Range",102892.525484959,"Within Std Curve Range"
"109","COMPASS: TEMPEST",2023,"June",5,1324,"EDT","1","Control","C3","C5","39","","G",684.198877515528,"Within Std Curve Range",121813.374506469,"Within Std Curve Range"
"110","COMPASS: TEMPEST",2023,"June",8,1259,"EDT","4","Control","C3","C5","169","","G",642.374625393066,"Within Std Curve Range",103195.818683641,"Within Std Curve Range"
"111","COMPASS: TEMPEST",2023,"November",3,1409,"EDT",NA,"Control","C3","C5","3",NA,"G",130.133692115479,"Within Std Curve Range",45773.6476778072,"Within Std Curve Range"
"112","COMPASS: TEMPEST",2023,"June",7,1427,"EDT","3_PM","Control","C3","C5","136","","G",496.478785839359,"Within Std Curve Range",117891.387837403,"Within Std Curve Range"
"113","COMPASS: TEMPEST",2023,"June",7,910,"EDT","3_AM","Control","C3","C5","103","wet tree; 1mL gas","G",1117.47988579588,"Within Std Curve Range",250310.658261886,"Within Std Curve Range"
"114","COMPASS: TEMPEST",2023,"June",4,1408,"EDT","0","Control","C3","C5","3","no septa; charring?; first pulls were liquid, then gas","G",705.863732827836,"Within Std Curve Range",142828.889532462,"Within Std Curve Range"
"115","COMPASS: TEMPEST",2023,"June",6,1312,"EDT","2","Control","C3","C5","71","excessive sap flow/black mark down the septa; 1 mL extracted","G",611.358917106157,"Within Std Curve Range",251082.126514997,"Within Std Curve Range"
"116","COMPASS: TEMPEST",2023,"July",12,1348,"EDT",NA,"Control","C7_H","B3","4","","G",642.689445101167,"Within Std Curve Range",126229.045154726,"Within Std Curve Range"
"117","COMPASS: TEMPEST",2023,"November",3,1407,"EDT",NA,"Control","C7_H","B3","4",NA,"G",70.6748633618024,"Within Std Curve Range",42918.566329309,"Within Std Curve Range"
"118","COMPASS: TEMPEST",2023,"August",14,1006,"EDT",NA,"Control","C7_H","B3","34","high well","G",533.347129644392,"Within Std Curve Range",81704.5841580962,"Within Std Curve Range"
"119","COMPASS: TEMPEST",2023,"June",8,1317,"EDT","4","Control","C7_H","B3","170","","G",275.335824195433,"Within Std Curve Range",101092.809601975,"Within Std Curve Range"
"120","COMPASS: TEMPEST",2023,"October",3,951,"EDT",NA,"Control","C7_H","B3","34",NA,"G",361.175933528521,"Within Std Curve Range",71476.5077733705,"Within Std Curve Range"
"121","COMPASS: TEMPEST",2023,"September",12,1031,"EDT",NA,"Control","C7_H","B3","4",NA,"G",551.021339367332,"Within Std Curve Range",70583.830104365,"Within Std Curve Range"
"122","COMPASS: TEMPEST",2023,"June",7,1012,"EDT","3_AM","Control","C7_H","B3","104","","G",369.351301678615,"Within Std Curve Range",132570.408758025,"Within Std Curve Range"
"123","COMPASS: TEMPEST",2023,"June",7,1515,"EDT","3_PM","Control","C7_H","B3","137","","G",269.89327732484,"Within Std Curve Range",106385.166049725,"Within Std Curve Range"
"124","COMPASS: TEMPEST",2023,"June",5,1437,"EDT","1","Control","C7_H","B3","40","","G",219.40115218377,"Within Std Curve Range",114280.147232086,"Within Std Curve Range"
"125","COMPASS: TEMPEST",2023,"June",4,1520,"EDT","0","Control","C7_H","B3","4","","G",116.613897193685,"Within Std Curve Range",83765.8961356441,"Within Std Curve Range"
"126","COMPASS: TEMPEST",2023,"May",16,1227,"EDT",NA,"Control","C7_H","B3","34","","G",105.248174026637,"Within Std Curve Range",85842.4697138924,"Within Std Curve Range"
"127","COMPASS: TEMPEST",2023,"June",6,1406,"EDT","2","Control","C7_H","B3","72","","G",280.634303260334,"Within Std Curve Range",124998.856165076,"Within Std Curve Range"
"128","COMPASS: TEMPEST",2023,"March",2,1217,"EDT",NA,"Control","C7_H","B3","4","","G",1585.37061714599,"Within Std Curve Range",60328.4245482039,"Within Std Curve Range"
"129","COMPASS: TEMPEST",2023,"June",9,1106,"EDT","5","Control","C7_H","B3","203","","G",293.931777365067,"Within Std Curve Range",109140.15862155,"Within Std Curve Range"
"130","COMPASS: TEMPEST",2023,"June",7,1516,"EDT","3_PM","Control","C7_L","B3","138","","G",90.8837084078711,"Within Std Curve Range",116739.695842114,"Within Std Curve Range"
"131","COMPASS: TEMPEST",2023,"June",6,1405,"EDT","2","Control","C7_L","B3","73","","G",150.501897929513,"Within Std Curve Range",161237.163476899,"Within Std Curve Range"
"132","COMPASS: TEMPEST",2023,"June",7,1013,"EDT","3_AM","Control","C7_L","B3","105","","G",429.888854215561,"Within Std Curve Range",171627.082705711,"Within Std Curve Range"
"133","COMPASS: TEMPEST",2023,"June",5,1439,"EDT","1","Control","C7_L","B3","41","","G",88.7677123452447,"Within Std Curve Range",126964.579100036,"Within Std Curve Range"
"134","COMPASS: TEMPEST",2023,"June",4,1521,"EDT","0","Control","C7_L","B3","5","","G",64.1833365679882,"Within Std Curve Range",78505.5513008963,"Within Std Curve Range"
"135","COMPASS: TEMPEST",2023,"June",9,1107,"EDT","5","Control","C7_L","B3","204","","G",89.9889233005292,"Within Std Curve Range",125879.097005184,"Within Std Curve Range"
"136","COMPASS: TEMPEST",2023,"June",8,1318,"EDT","4","Control","C7_L","B3","171","","G",98.7246657638105,"Within Std Curve Range",118412.62142715,"Within Std Curve Range"
"137","COMPASS: TEMPEST",2023,"September",12,1248,"EDT",NA,"Freshwater","F1","H5","21",NA,"G",30418.7040115837,"Within Std Curve Range",152946.696364306,"Within Std Curve Range"
"138","COMPASS: TEMPEST",2023,"June",4,1439,"EDT","0","Freshwater","F1","H5","25","lots of sap","G",239.898199310099,"Within Std Curve Range",86363.1116905213,"Within Std Curve Range"
"139","COMPASS: TEMPEST",2023,"November",3,1005,"EDT",NA,"Freshwater","F1","H5","21",NA,"G",2488.28827091484,"Within Std Curve Range",80869.6757546271,"Within Std Curve Range"
"140","COMPASS: TEMPEST",2023,"August",14,1249,"EDT",NA,"Freshwater","F1","H5","51","a little water","G",5604.95373047136,"Within Std Curve Range",160242.068401279,"Within Std Curve Range"
"141","COMPASS: TEMPEST",2023,"May",16,1144,"EDT",NA,"Freshwater","F1","H5","51","1mL","G",1352.69279741382,"Within Std Curve Range",33827.5846910442,"Within Std Curve Range"
"142","COMPASS: TEMPEST",2023,"October",3,1300,"EDT",NA,"Freshwater","F1","H5","51",NA,"G",174.317317545069,"Within Std Curve Range",5826.84226733545,"Within Std Curve Range"
"143","COMPASS: TEMPEST",2023,"March",2,1252,"EDT",NA,"Freshwater","F1","H5","11","","G",8999.05479274441,"Within Std Curve Range",53124.8943326339,"Within Std Curve Range"
"144","COMPASS: TEMPEST",2023,"March",2,1246,"EDT",NA,"Freshwater","F13","D6","17","","G",5783.58988841633,"Within Std Curve Range",34534.3547831921,"Within Std Curve Range"
"145","COMPASS: TEMPEST",2023,"September",12,1242,"EDT",NA,"Freshwater","F13","D6","27",NA,"G",13317.4779809309,"Within Std Curve Range",76675.5270770814,"Within Std Curve Range"
"146","COMPASS: TEMPEST",2023,"June",5,1257,"EDT","1","Freshwater","F13","D6","67","","G",6392.21609210893,"Within Std Curve Range",64666.846156502,"Within Std Curve Range"
"147","COMPASS: TEMPEST",2023,"July",12,1419,"EDT",NA,"Freshwater","F13","D6","27","","G",4151.21513510328,"Within Std Curve Range",94395.809245498,"Within Std Curve Range"
"148","COMPASS: TEMPEST",2023,"June",7,940,"EDT","3_AM","Freshwater","F13","D6","131","","G",2184.51419041659,"Within Std Curve Range",56034.6862195099,"Within Std Curve Range"
"149","COMPASS: TEMPEST",2023,"June",9,1122,"EDT","5","Freshwater","F13","D6","229","","G",1846.89500869179,"Within Std Curve Range",54058.6497613526,"Within Std Curve Range"
"150","COMPASS: TEMPEST",2023,"June",6,1354,"EDT","2","Freshwater","F13","D6","100","","G",2831.20516882419,"Within Std Curve Range",62216.4238631235,"Within Std Curve Range"
"151","COMPASS: TEMPEST",2023,"August",14,1257,"EDT",NA,"Freshwater","F13","D6","57","","G",8960.65336101673,"Within Std Curve Range",93117.5127651544,"Within Std Curve Range"
"152","COMPASS: TEMPEST",2023,"May",16,1155,"EDT",NA,"Freshwater","F13","D6","57","","G",4418.51830830189,"Within Std Curve Range",66099.2358935606,"Within Std Curve Range"
"153","COMPASS: TEMPEST",2023,"June",8,1230,"EDT","4","Freshwater","F13","D6","197","","G",1673.90024395561,"Within Std Curve Range",47705.8161370818,"Within Std Curve Range"
"154","COMPASS: TEMPEST",2023,"November",3,1012,"EDT",NA,"Freshwater","F13","D6","27",NA,"G",5224.16516920319,"Within Std Curve Range",47610.0703288067,"Within Std Curve Range"
"155","COMPASS: TEMPEST",2023,"October",3,1304,"EDT",NA,"Freshwater","F13","D6","57",NA,"G",70.7881990521875,"Within Std Curve Range",11060.1693269736,"Within Std Curve Range"
"156","COMPASS: TEMPEST",2023,"June",4,1335,"EDT","0","Freshwater","F13","D6","34","","G",2947.47280650289,"Within Std Curve Range",55701.7740943832,"Within Std Curve Range"
"157","COMPASS: TEMPEST",2023,"March",2,1248,"EDT",NA,"Freshwater","F14","D7","18","","G",99953.7046667731,"Within Std Curve Range",40804.8379826402,"Within Std Curve Range"
"158","COMPASS: TEMPEST",2023,"September",12,1244,"EDT",NA,"Freshwater","F14","D7","28",NA,"G",130023.637878385,"Over Std Curve Range",60770.5021302909,"Within Std Curve Range"
"159","COMPASS: TEMPEST",2023,"July",12,1421,"EDT",NA,"Freshwater","F14","D7","28","","G",109673.678461593,"Over Std Curve Range",73754.3285822818,"Within Std Curve Range"
"160","COMPASS: TEMPEST",2023,"June",5,1250,"EDT","1","Freshwater","F14","D7","68","","G",109904.638990151,"Over Std Curve Range",66025.9755313971,"Within Std Curve Range"
"161","COMPASS: TEMPEST",2023,"May",16,1153,"EDT",NA,"Freshwater","F14","D7","58","","G",88033.3550475037,"Within Std Curve Range",69850.6815685996,"Within Std Curve Range"
"162","COMPASS: TEMPEST",2023,"June",9,1137,"EDT","5","Freshwater","F14","D7","230","","G",109835.138783568,"Over Std Curve Range",65788.828257848,"Within Std Curve Range"
"163","COMPASS: TEMPEST",2023,"June",4,1526,"EDT","0","Freshwater","F14","D7","35","","G",96815.2840264044,"Over Std Curve Range",57372.5729156993,"Within Std Curve Range"
"164","COMPASS: TEMPEST",2023,"June",6,1224,"EDT","2","Freshwater","F14","D7","101","","G",106764.473505835,"Over Std Curve Range",56611.747034791,"Within Std Curve Range"
"165","COMPASS: TEMPEST",2023,"August",14,1259,"EDT",NA,"Freshwater","F14","D7","58","","G",125265.98560718,"Over Std Curve Range",76416.0724559565,"Within Std Curve Range"
"166","COMPASS: TEMPEST",2023,"June",7,1020,"EDT","3_AM","Freshwater","F14","D7","132","","G",124708.661428287,"Over Std Curve Range",70477.5262454458,"Within Std Curve Range"
"167","COMPASS: TEMPEST",2023,"June",8,1431,"EDT","4","Freshwater","F14","D7","198","","G",105349.954423877,"Over Std Curve Range",57222.0497820272,"Within Std Curve Range"
"168","COMPASS: TEMPEST",2023,"November",3,1014,"EDT",NA,"Freshwater","F14","D7","28",NA,"G",37951.5859348111,"Within Std Curve Range",34319.4999780622,"Within Std Curve Range"
"169","COMPASS: TEMPEST",2023,"October",3,1305,"EDT",NA,"Freshwater","F14","D7","58",NA,"G",10417.1782087064,"Within Std Curve Range",19741.5526101007,"Within Std Curve Range"
"170","COMPASS: TEMPEST",2023,"June",7,1325,"EDT","3_PM","Freshwater","F14","D7","166","","G",107728.674570477,"Over Std Curve Range",55856.9121356523,"Within Std Curve Range"
"171","COMPASS: TEMPEST",2023,"June",9,1203,"EDT","5","Freshwater","F15","A6","231","","G",34466.8266656305,"Within Std Curve Range",61109.9134258912,"Within Std Curve Range"
"172","COMPASS: TEMPEST",2023,"May",16,1157,"EDT",NA,"Freshwater","F15","A6","59","","G",6789.0942662347,"Within Std Curve Range",32997.7710954169,"Within Std Curve Range"
"173","COMPASS: TEMPEST",2023,"July",12,1411,"EDT",NA,"Freshwater","F15","A6","29","","G",49235.25266299,"Within Std Curve Range",86578.908196197,"Within Std Curve Range"
"174","COMPASS: TEMPEST",2023,"June",7,953,"EDT","3_AM","Freshwater","F15","A6","133","","G",49197.6783953492,"Within Std Curve Range",67260.7181935773,"Within Std Curve Range"
"175","COMPASS: TEMPEST",2023,"June",8,1253,"EDT","4","Freshwater","F15","A6","199","","G",45064.6775254715,"Within Std Curve Range",62465.358593301,"Within Std Curve Range"
"176","COMPASS: TEMPEST",2023,"March",2,1242,"EDT",NA,"Freshwater","F15","A6","19","","G",30365.6947814774,"Within Std Curve Range",49630.5851132307,"Within Std Curve Range"
"177","COMPASS: TEMPEST",2023,"September",12,1238,"EDT",NA,"Freshwater","F15","A6","29",NA,"G",38381.0887853309,"Within Std Curve Range",67872.7146184184,"Within Std Curve Range"
"178","COMPASS: TEMPEST",2023,"June",5,1332,"EDT","1","Freshwater","F15","A6","69","","G",49711.0510349731,"Within Std Curve Range",66828.1719658536,"Within Std Curve Range"
"179","COMPASS: TEMPEST",2023,"August",14,1254,"EDT",NA,"Freshwater","F15","A6","59","","G",61140.5684417486,"Within Std Curve Range",82435.6057807172,"Within Std Curve Range"
"180","COMPASS: TEMPEST",2023,"June",6,1317,"EDT","2","Freshwater","F15","A6","102_a","","G",47556.1647878474,"Within Std Curve Range",63464.1592752338,"Within Std Curve Range"
"181","COMPASS: TEMPEST",2023,"June",4,1236,"EDT","0","Freshwater","F15","A6","36","","G",45420.6471450357,"Within Std Curve Range",57646.027615926,"Within Std Curve Range"
"182","COMPASS: TEMPEST",2023,"November",3,1009,"EDT",NA,"Freshwater","F15","A6","29",NA,"G",19238.332566078,"Within Std Curve Range",47661.7125125572,"Within Std Curve Range"
"183","COMPASS: TEMPEST",2023,"October",3,1303,"EDT",NA,"Freshwater","F15","A6","59",NA,"G",3520.61355054003,"Within Std Curve Range",25175.5715917276,"Within Std Curve Range"
"184","COMPASS: TEMPEST",2023,"June",7,1436,"EDT","3_PM","Freshwater","F2","G6","158","","G",95.1577988881675,"Within Std Curve Range",108501.720388958,"Within Std Curve Range"
"185","COMPASS: TEMPEST",2023,"June",4,1457,"EDT","0","Freshwater","F2","G6","26","lots of sap","G",50.4917923185743,"Within Std Curve Range",91469.0761103154,"Within Std Curve Range"
"186","COMPASS: TEMPEST",2023,"June",4,1354,"EDT","0","Freshwater","F3","D5","27","lots of sap","G",200.524942281086,"Within Std Curve Range",63545.999595992,"Within Std Curve Range"
"187","COMPASS: TEMPEST",2023,"June",7,925,"EDT","3_AM","Freshwater","F3","D5","124","sap + sample","G",109.64859513128,"Within Std Curve Range",85720.0736571457,"Within Std Curve Range"
"188","COMPASS: TEMPEST",2023,"June",8,1320,"EDT","4","Freshwater","F3","D5","190","sap + sample; septum changed","G",212.936153106598,"Within Std Curve Range",101403.315219702,"Within Std Curve Range"
"189","COMPASS: TEMPEST",2023,"October",3,1306,"EDT",NA,"Freshwater","F3","D5","53",NA,"G",499.673767016282,"Within Std Curve Range",30389.505474062,"Within Std Curve Range"
"190","COMPASS: TEMPEST",2023,"June",6,1238,"EDT","2","Freshwater","F3","D5","93","","G",568.092226168774,"Within Std Curve Range",32781.6595283874,"Within Std Curve Range"
"191","COMPASS: TEMPEST",2023,"June",7,1426,"EDT","3_PM","Freshwater","F3","D5","159","some sap, some sample","G",333.430655951596,"Within Std Curve Range",64070.1265128735,"Within Std Curve Range"
"192","COMPASS: TEMPEST",2023,"June",5,1314,"EDT","1","Freshwater","F3","D5","60","sap","G",409.018972726205,"Within Std Curve Range",92026.367034325,"Within Std Curve Range"
"193","COMPASS: TEMPEST",2023,"November",3,1016,"EDT",NA,"Freshwater","F3","D5","23",NA,"G",3531.97284218636,"Within Std Curve Range",37497.511205206,"Within Std Curve Range"
"194","COMPASS: TEMPEST",2023,"March",2,1249,"EDT",NA,"Freshwater","F3","D5","13","","G",11128.9026542983,"Within Std Curve Range",45548.2084503217,"Within Std Curve Range"
"195","COMPASS: TEMPEST",2023,"September",12,1303,"EDT",NA,"Freshwater","F3","D5","23",NA,"G",73.619830992982,"Within Std Curve Range",29716.4481441084,"Within Std Curve Range"
"196","COMPASS: TEMPEST",2023,"November",3,1011,"EDT",NA,"Freshwater","F7_H","B5","24",NA,"G",2634.09838852634,"Within Std Curve Range",38572.2005638724,"Within Std Curve Range"
"197","COMPASS: TEMPEST",2023,"July",12,1416,"EDT",NA,"Freshwater","F7_H","B5","24","","G",8547.99764162288,"Within Std Curve Range",82341.0145145001,"Within Std Curve Range"
"198","COMPASS: TEMPEST",2023,"October",3,1303,"EDT",NA,"Freshwater","F7_H","B5","54",NA,"G",392.275398028959,"Within Std Curve Range",25670.7947533337,"Within Std Curve Range"
"199","COMPASS: TEMPEST",2023,"August",14,1256,"EDT",NA,"Freshwater","F7_H","B5","54","high well","G",11148.8958345718,"Within Std Curve Range",75886.0851212166,"Within Std Curve Range"
"200","COMPASS: TEMPEST",2023,"September",12,1240,"EDT",NA,"Freshwater","F7_H","B5","24",NA,"G",8466.34297535244,"Within Std Curve Range",66921.8574175016,"Within Std Curve Range"
"201","COMPASS: TEMPEST",2023,"May",16,1156,"EDT",NA,"Freshwater","F7_H","B5","54","","G",690.066109689052,"Within Std Curve Range",39261.8613995591,"Within Std Curve Range"
"202","COMPASS: TEMPEST",2023,"August",14,1253,"EDT",NA,"Freshwater","F8_H","B4","55","high well","G",17638.7185156036,"Within Std Curve Range",65832.5885082945,"Within Std Curve Range"
"203","COMPASS: TEMPEST",2023,"May",16,1158,"EDT",NA,"Freshwater","F8_H","B4","55","","G",7425.34983151667,"Within Std Curve Range",90188.3757277429,"Within Std Curve Range"
"204","COMPASS: TEMPEST",2023,"November",3,1008,"EDT",NA,"Freshwater","F8_H","B4","25",NA,"G",7545.44575033027,"Within Std Curve Range",39238.0966018978,"Within Std Curve Range"
"205","COMPASS: TEMPEST",2023,"July",12,1413,"EDT",NA,"Freshwater","F8_H","B4","25","","G",17589.4974450518,"Within Std Curve Range",74173.1054598959,"Within Std Curve Range"
"206","COMPASS: TEMPEST",2023,"September",12,1239,"EDT",NA,"Freshwater","F8_H","B4","25",NA,"G",22065.2249860488,"Within Std Curve Range",66033.0245832121,"Within Std Curve Range"
"207","COMPASS: TEMPEST",2023,"October",3,1302,"EDT",NA,"Freshwater","F8_H","B4","55",NA,"G",111.109862099527,"Within Std Curve Range",14656.3995652866,"Within Std Curve Range"
"208","COMPASS: TEMPEST",2023,"September",12,1249,"EDT",NA,"Freshwater","F9_H","G3","26",NA,"G",3090.4055408393,"Within Std Curve Range",66551.2745021832,"Within Std Curve Range"
"209","COMPASS: TEMPEST",2023,"October",3,1300,"EDT",NA,"Freshwater","F9_H","G3","56",NA,"G",48.6394067481653,"Within Std Curve Range",31702.2418985225,"Within Std Curve Range"
"210","COMPASS: TEMPEST",2023,"July",12,1424,"EDT",NA,"Freshwater","F9_H","G3","26","","G",7951.53965212849,"Within Std Curve Range",70131.6122970333,"Within Std Curve Range"
"211","COMPASS: TEMPEST",2023,"August",14,1251,"EDT",NA,"Freshwater","F9_H","G3","56","high well","G",353.235900671214,"Within Std Curve Range",80813.118282226,"Within Std Curve Range"
"212","COMPASS: TEMPEST",2023,"November",3,1007,"EDT",NA,"Freshwater","F9_H","G3","26",NA,"G",249.639437986352,"Within Std Curve Range",36897.2206881683,"Within Std Curve Range"
"213","COMPASS: TEMPEST",2023,"May",16,1145,"EDT",NA,"Freshwater","F9_L","G3","56","","G",92.944548657755,"Within Std Curve Range",74129.0280962548,"Within Std Curve Range"
"214","COMPASS: TEMPEST",2023,"June",7,1323,"EDT","3_PM","Seawater","S1","F7","146","w/water extracted gas","",32535.5249393599,"Within Std Curve Range",82697.659621935,"Within Std Curve Range"
"215","COMPASS: TEMPEST",2023,"June",8,1340,"EDT","4","Seawater","S1","F7","178","","G",758.595540150165,"Within Std Curve Range",29589.6380700517,"Within Std Curve Range"
"216","COMPASS: TEMPEST",2023,"August",14,1134,"EDT",NA,"Seawater","S1","F7","41","","G",16242.7247393007,"Within Std Curve Range",92652.5764189576,"Within Std Curve Range"
"217","COMPASS: TEMPEST",2023,"November",3,1054,"EDT",NA,"Seawater","S1","F7","11",NA,"G",34823.1961918251,"Within Std Curve Range",51260.5742912263,"Within Std Curve Range"
"218","COMPASS: TEMPEST",2023,"October",3,1121,"EDT",NA,"Seawater","S1","F7","41",NA,"G",137.612773381004,"Within Std Curve Range",11727.5227812496,"Within Std Curve Range"
"219","COMPASS: TEMPEST",2023,"June",6,1317,"EDT","2","Seawater","S1","F7","81","","G",38199.8715320947,"Within Std Curve Range",59715.4384339554,"Within Std Curve Range"
"220","COMPASS: TEMPEST",2023,"May",16,1202,"EDT",NA,"Seawater","S1","F7","41","","G",13500.9680907296,"Within Std Curve Range",50099.5552849272,"Within Std Curve Range"
"221","COMPASS: TEMPEST",2023,"June",7,1036,"EDT","3_AM","Seawater","S1","F7","112","","G",16082.7377599272,"Within Std Curve Range",114536.215885655,"Within Std Curve Range"
"222","COMPASS: TEMPEST",2023,"June",4,1605,"EDT","0","Seawater","S1","F7","13","","G",35665.838804198,"Within Std Curve Range",64437.3339396042,"Within Std Curve Range"
"223","COMPASS: TEMPEST",2023,"June",5,1428,"EDT","1","Seawater","S1","F7","48","","G",9896.88704487892,"Within Std Curve Range",56754.2010449037,"Within Std Curve Range"
"224","COMPASS: TEMPEST",2023,"September",12,1202,"EDT",NA,"Seawater","S1","F7","11",NA,"G",25340.3387613367,"Within Std Curve Range",110526.592691822,"Within Std Curve Range"
"225","COMPASS: TEMPEST",2023,"July",12,1420,"EDT",NA,"Seawater","S1","F7","11","","G",51614.3392084749,"Within Std Curve Range",82683.3342028403,"Within Std Curve Range"
"226","COMPASS: TEMPEST",2023,"March",2,1235,"EDT",NA,"Seawater","S1","F7","21","","G",21083.5839527012,"Within Std Curve Range",56984.0721322715,"Within Std Curve Range"
"227","COMPASS: TEMPEST",2023,"June",9,1108,"EDT","5","Seawater","S1","F7","211","a little water (0.1mL) + vaccuum","G",20332.5797265278,"Within Std Curve Range",118327.812883388,"Within Std Curve Range"
"228","COMPASS: TEMPEST",2023,"March",2,1228,"EDT",NA,"Seawater","S13","A2","27","","G",56418.0390757802,"Within Std Curve Range",31265.3753921622,"Within Std Curve Range"
"229","COMPASS: TEMPEST",2023,"November",3,1103,"EDT",NA,"Seawater","S13","A2","17",NA,"G",60390.1699383801,"Within Std Curve Range",59524.6535329432,"Within Std Curve Range"
"230","COMPASS: TEMPEST",2023,"June",6,1219,"EDT","2","Seawater","S13","A2","90","","G",84086.8514170298,"Over Std Curve Range",66235.5396835768,"Within Std Curve Range"
"231","COMPASS: TEMPEST",2023,"May",16,1212,"EDT",NA,"Seawater","S13","A2","47","","G",88851.1142069618,"Within Std Curve Range",71948.8929476896,"Within Std Curve Range"
"232","COMPASS: TEMPEST",2023,"June",4,1353,"EDT","0","Seawater","S13","A2","22","","G",80840.0826158165,"Over Std Curve Range",64823.0164893103,"Within Std Curve Range"
"233","COMPASS: TEMPEST",2023,"October",3,1114,"EDT",NA,"Seawater","S13","A2","47",NA,"G",5412.95687230996,"Within Std Curve Range",37949.1265405999,"Within Std Curve Range"
"234","COMPASS: TEMPEST",2023,"June",8,1237,"EDT","4","Seawater","S13","A2","187","","G",83391.0464046201,"Over Std Curve Range",69839.3709300565,"Within Std Curve Range"
"235","COMPASS: TEMPEST",2023,"June",7,1354,"EDT","3_PM","Seawater","S13","A2","155","a little water + 2mL gas","G",77882.3105801384,"Over Std Curve Range",62830.3040678738,"Within Std Curve Range"
"236","COMPASS: TEMPEST",2023,"June",9,1033,"EDT","5","Seawater","S13","A2","220","","G",76508.3457241635,"Over Std Curve Range",68623.2084047912,"Within Std Curve Range"
"237","COMPASS: TEMPEST",2023,"June",5,1242,"EDT","1","Seawater","S13","A2","57","","G",83537.7715538313,"Over Std Curve Range",72897.9624023686,"Within Std Curve Range"
"238","COMPASS: TEMPEST",2023,"June",7,814,"EDT","3_AM","Seawater","S13","A2","121","","G",85594.5208558478,"Over Std Curve Range",69237.9506552904,"Within Std Curve Range"
"239","COMPASS: TEMPEST",2023,"September",12,1157,"EDT",NA,"Seawater","S13","A2","17",NA,"G",69028.6624246093,"Within Std Curve Range",78630.5199028366,"Within Std Curve Range"
"240","COMPASS: TEMPEST",2023,"August",14,1129,"EDT",NA,"Seawater","S13","A2","47","","G",67311.1389257647,"Within Std Curve Range",101374.087208252,"Within Std Curve Range"
"241","COMPASS: TEMPEST",2023,"July",12,1408,"EDT",NA,"Seawater","S13","A2","17","","G",71806.8745894859,"Over Std Curve Range",81878.706941128,"Within Std Curve Range"
"242","COMPASS: TEMPEST",2023,"June",8,1206,"EDT","4","Seawater","S14","I2","188","","G",466.368194391509,"Within Std Curve Range",105286.662916156,"Within Std Curve Range"
"243","COMPASS: TEMPEST",2023,"June",7,840,"EDT","3_AM","Seawater","S14","I2","122","","G",741.655128633231,"Within Std Curve Range",123224.677734317,"Within Std Curve Range"
"244","COMPASS: TEMPEST",2023,"June",6,1444,"EDT","2","Seawater","S14","I2","91","","G",504.935056344403,"Within Std Curve Range",120123.676386346,"Within Std Curve Range"
"245","COMPASS: TEMPEST",2023,"November",3,1058,"EDT",NA,"Seawater","S14","I2","18",NA,"G",2941.32188145937,"Within Std Curve Range",52002.8918955914,"Within Std Curve Range"
"246","COMPASS: TEMPEST",2023,"March",2,1233,"EDT",NA,"Seawater","S14","I2","28","","G",3347.44141277512,"Within Std Curve Range",64290.9936176031,"Within Std Curve Range"
"247","COMPASS: TEMPEST",2023,"September",12,1159,"EDT",NA,"Seawater","S14","I2","18",NA,"G",830.288909066877,"Within Std Curve Range",82779.7725762885,"Within Std Curve Range"
"248","COMPASS: TEMPEST",2023,"June",4,1305,"EDT","0","Seawater","S14","I2","23","","G",615.147184863521,"Within Std Curve Range",94594.0041966561,"Within Std Curve Range"
"249","COMPASS: TEMPEST",2023,"June",7,1516,"EDT","3_PM","Seawater","S14","I2","156","","G",625.35711532233,"Within Std Curve Range",115151.190859174,"Within Std Curve Range"
"250","COMPASS: TEMPEST",2023,"October",3,1116,"EDT",NA,"Seawater","S14","I2","48",NA,"G",253.09874866498,"Within Std Curve Range",13521.3283054497,"Within Std Curve Range"
"251","COMPASS: TEMPEST",2023,"June",9,1008,"EDT","5","Seawater","S14","I2","221","","G",532.344863403582,"Within Std Curve Range",117665.906370288,"Within Std Curve Range"
"252","COMPASS: TEMPEST",2023,"June",5,1234,"EDT","1","Seawater","S14","I2","58","","G",681.636248017912,"Within Std Curve Range",116189.005128055,"Within Std Curve Range"
"253","COMPASS: TEMPEST",2023,"July",12,1412,"EDT",NA,"Seawater","S14","I2","18","","G",440.156870899787,"Within Std Curve Range",107286.731956633,"Within Std Curve Range"
"254","COMPASS: TEMPEST",2023,"August",14,1132,"EDT",NA,"Seawater","S14","I2","48","","G",363.602440737093,"Within Std Curve Range",94631.5968012309,"Within Std Curve Range"
"255","COMPASS: TEMPEST",2023,"May",16,1216,"EDT",NA,"Seawater","S14","I2","48","","G",837.583699820925,"Within Std Curve Range",126908.613892171,"Within Std Curve Range"
"256","COMPASS: TEMPEST",2023,"June",4,1402,"EDT","0","Seawater","S15","E4","24","","G",4740.01250355118,"Within Std Curve Range",54775.8943361784,"Within Std Curve Range"
"257","COMPASS: TEMPEST",2023,"March",2,1229,"EDT",NA,"Seawater","S15","E4","29","","G",6654.8106868389,"Within Std Curve Range",34247.6215900293,"Within Std Curve Range"
"258","COMPASS: TEMPEST",2023,"October",3,1121,"EDT",NA,"Seawater","S15","E4","49",NA,"G",15.2804551168884,"Within Std Curve Range",17139.0220166827,"Within Std Curve Range"
"259","COMPASS: TEMPEST",2023,"June",8,1243,"EDT","4","Seawater","S15","E4","189","","G",4027.02521738391,"Within Std Curve Range",66828.0962494383,"Within Std Curve Range"
"260","COMPASS: TEMPEST",2023,"June",7,850,"EDT","3_AM","Seawater","S15","E4","123","","G",221.539131092173,"Within Std Curve Range",77159.9720846199,"Within Std Curve Range"
"261","COMPASS: TEMPEST",2023,"November",3,1100,"EDT",NA,"Seawater","S15","E4","19",NA,"G",325.6988663348,"Within Std Curve Range",35900.7703460852,"Within Std Curve Range"
"262","COMPASS: TEMPEST",2023,"September",12,1200,"EDT",NA,"Seawater","S15","E4","19",NA,"G",467.827605052005,"Within Std Curve Range",59904.0200384712,"Within Std Curve Range"
"263","COMPASS: TEMPEST",2023,"August",14,1130,"EDT",NA,"Seawater","S15","E4","49","","G",5027.73038690275,"Within Std Curve Range",81769.8579239973,"Within Std Curve Range"
"264","COMPASS: TEMPEST",2023,"July",12,1413,"EDT",NA,"Seawater","S15","E4","19","","G",151.345064664388,"Within Std Curve Range",78910.7778665846,"Within Std Curve Range"
"265","COMPASS: TEMPEST",2023,"June",6,1520,"EDT","2","Seawater","S15","E4","92","","G",272.319404663808,"Within Std Curve Range",68787.2774119367,"Within Std Curve Range"
"266","COMPASS: TEMPEST",2023,"May",16,1214,"EDT",NA,"Seawater","S15","E4","49","","G",7000.28103905975,"Within Std Curve Range",70658.7908900403,"Within Std Curve Range"
"267","COMPASS: TEMPEST",2023,"June",7,NA,"EDT","3_PM","Seawater","S15","E4","157","","G",198.760932161155,"Within Std Curve Range",67631.2782578392,"Within Std Curve Range"
"268","COMPASS: TEMPEST",2023,"June",5,1250,"EDT","1","Seawater","S15","E4","59","","G",5752.59251488421,"Within Std Curve Range",64674.8560389011,"Within Std Curve Range"
"269","COMPASS: TEMPEST",2023,"June",9,NA,"EDT","5","Seawater","S15","E4","222","","G",130.298769550853,"Within Std Curve Range",62177.6876080211,"Within Std Curve Range"
"270","COMPASS: TEMPEST",2023,"June",7,1403,"EDT","3_PM","Seawater","S2","C5","147","","G",3702.57323461399,"Within Std Curve Range",115042.569972062,"Within Std Curve Range"
"271","COMPASS: TEMPEST",2023,"June",8,1325,"EDT","4","Seawater","S2","C5","179","","G",103.326744002787,"Within Std Curve Range",115898.595740078,"Within Std Curve Range"
"272","COMPASS: TEMPEST",2023,"August",14,1127,"EDT",NA,"Seawater","S2","C5","42","","G",2204.29490363082,"Within Std Curve Range",128852.961433008,"Within Std Curve Range"
"273","COMPASS: TEMPEST",2023,"May",16,1207,"EDT",NA,"Seawater","S2","C5","42","2:2 water:ATM","W",4863.87237935762,"Within Std Curve Range",55898.1481012428,"Within Std Curve Range"
"274","COMPASS: TEMPEST",2023,"September",12,1206,"EDT",NA,"Seawater","S2","C5","12",NA,"G",5651.47388954716,"Within Std Curve Range",124944.596124003,"Within Std Curve Range"
"275","COMPASS: TEMPEST",2023,"July",12,1416,"EDT",NA,"Seawater","S2","C5","12","","G",139.211276339659,"Within Std Curve Range",122039.315937834,"Within Std Curve Range"
"276","COMPASS: TEMPEST",2023,"March",2,1239,"EDT",NA,"Seawater","S2","C5","22","","G",4205.70020188324,"Within Std Curve Range",87158.2222773985,"Within Std Curve Range"
"277","COMPASS: TEMPEST",2023,"June",6,1356,"EDT","2","Seawater","S2","C5","82","","G",641.483234771276,"Within Std Curve Range",108718.217997645,"Within Std Curve Range"
"278","COMPASS: TEMPEST",2023,"June",7,950,"EDT","3_AM","Seawater","S2","C5","113","","G",107.177458175935,"Within Std Curve Range",104039.725795377,"Within Std Curve Range"
"279","COMPASS: TEMPEST",2023,"November",3,1052,"EDT",NA,"Seawater","S2","C5","12",NA,"G",1440.89316884642,"Within Std Curve Range",109715.581099889,"Within Std Curve Range"
"280","COMPASS: TEMPEST",2023,"October",3,1112,"EDT",NA,"Seawater","S2","C5","42",NA,"G",37.78805009834,"Within Std Curve Range",27819.8461049192,"Within Std Curve Range"
"281","COMPASS: TEMPEST",2023,"June",5,1301,"EDT","1","Seawater","S2","C5","49","","G",460.321994413715,"Within Std Curve Range",120573.76689631,"Within Std Curve Range"
"282","COMPASS: TEMPEST",2023,"June",4,1533,"EDT","0","Seawater","S2","C5","14","","G",107.452643320915,"Within Std Curve Range",109187.338708522,"Within Std Curve Range"
"283","COMPASS: TEMPEST",2023,"June",9,1048,"EDT","5","Seawater","S2","C5","212","","G",1460.65095249145,"Within Std Curve Range",123622.976332082,"Within Std Curve Range"
"284","COMPASS: TEMPEST",2023,"August",14,1137,"EDT",NA,"Seawater","S3","E5","43","","G",21994.2824636649,"Within Std Curve Range",125773.777345867,"Within Std Curve Range"
"285","COMPASS: TEMPEST",2023,"September",12,1205,"EDT",NA,"Seawater","S3","E5","13",NA,"G",54734.842345117,"Within Std Curve Range",166787.002817677,"Within Std Curve Range"
"286","COMPASS: TEMPEST",2023,"June",6,1407,"EDT","2","Seawater","S3","E5","83","w/water; did extraction","",208.950120079322,"Within Std Curve Range",131349.484189481,"Within Std Curve Range"
"287","COMPASS: TEMPEST",2023,"June",8,1317,"EDT","4","Seawater","S3","E5","180","w/water - extracted","G",15.7540124352756,"Within Std Curve Range",110418.072370332,"Within Std Curve Range"
"288","COMPASS: TEMPEST",2023,"March",2,1238,"EDT",NA,"Seawater","S3","E5","23","","G",38362.2970066015,"Within Std Curve Range",55671.3976294682,"Within Std Curve Range"
"289","COMPASS: TEMPEST",2023,"May",16,1211,"EDT",NA,"Seawater","S3","E5","43","","G",149.623969033994,"Within Std Curve Range",127154.227351329,"Within Std Curve Range"
"290","COMPASS: TEMPEST",2023,"November",3,1056,"EDT",NA,"Seawater","S3","E5","13",NA,"G",1606.17564465703,"Within Std Curve Range",73025.7821436146,"Within Std Curve Range"
"291","COMPASS: TEMPEST",2023,"June",4,1525,"EDT","0","Seawater","S3","E5","15","tree had water; removed water; sampled 10 min later","G",26.4812533223595,"Within Std Curve Range",113165.699627906,"Within Std Curve Range"
"292","COMPASS: TEMPEST",2023,"June",9,1148,"EDT","5","Seawater","S3","E5","213","1mL gas - water extracted","G",188.831753170423,"Within Std Curve Range",184715.976976501,"Within Std Curve Range"
"293","COMPASS: TEMPEST",2023,"July",12,1415,"EDT",NA,"Seawater","S3","E5","13","","G",21.3585251335621,"Within Std Curve Range",64852.3235775159,"Within Std Curve Range"
"294","COMPASS: TEMPEST",2023,"June",7,1425,"EDT","3_PM","Seawater","S3","E5","148","w/water extracted gas","",517.33330671579,"Within Std Curve Range",131211.164317341,"Within Std Curve Range"
"295","COMPASS: TEMPEST",2023,"October",3,1119,"EDT",NA,"Seawater","S3","E5","43",NA,"G",24.395982597528,"Within Std Curve Range",47426.3906099376,"Within Std Curve Range"
"296","COMPASS: TEMPEST",2023,"June",7,938,"EDT","3_AM","Seawater","S3","E5","114","w/water; extracted 2mL","",30.4661551801869,"Within Std Curve Range",177279.32860599,"Within Std Curve Range"
"297","COMPASS: TEMPEST",2023,"June",5,1342,"EDT","1","Seawater","S3","E5","50","water in well; sampled until had gas","G",335.890018735218,"Within Std Curve Range",159541.755271776,"Within Std Curve Range"
"298","COMPASS: TEMPEST",2023,"September",12,1203,"EDT",NA,"Seawater","S7_H","D7","14",NA,"G",422952.799193998,"Over Std Curve Range",75738.6971852383,"Within Std Curve Range"
"299","COMPASS: TEMPEST",2023,"March",2,1245,"EDT",NA,"Seawater","S7_H","B5","14","","G",13047.3332284977,"Within Std Curve Range",34484.0008670793,"Within Std Curve Range"
"300","COMPASS: TEMPEST",2023,"June",9,1056,"EDT","5","Seawater","S7_H","D7","214","w/water - extracted","G",412302.14351618,"Over Std Curve Range",74710.5141913574,"Within Std Curve Range"
"301","COMPASS: TEMPEST",2023,"August",14,1136,"EDT",NA,"Seawater","S7_H","D7","44","high well","G",382725.656147678,"Over Std Curve Range",77045.6412697333,"Within Std Curve Range"
"302","COMPASS: TEMPEST",2023,"June",8,1238,"EDT","4","Seawater","S7_H","B5","191","","G",3036.32674519621,"Within Std Curve Range",52993.6862574849,"Within Std Curve Range"
"303","COMPASS: TEMPEST",2023,"June",5,1325,"EDT","1","Seawater","S7_H","B5","61","","G",1623.55429576091,"Within Std Curve Range",57942.6170044225,"Within Std Curve Range"
"304","COMPASS: TEMPEST",2023,"November",3,1053,"EDT",NA,"Seawater","S7_H","D7","14",NA,"G",417896.143974111,"Over Std Curve Range",45019.0068742295,"Within Std Curve Range"
"305","COMPASS: TEMPEST",2023,"June",6,1346,"EDT","2","Seawater","S7_H","B5","94","","G",2360.81424576224,"Within Std Curve Range",51223.7538301281,"Within Std Curve Range"
"306","COMPASS: TEMPEST",2023,"June",8,1354,"EDT","4","Seawater","S7_H","D7","181","w/water - extracted","G",443088.343745726,"Over Std Curve Range",73179.6573287087,"Within Std Curve Range"
"307","COMPASS: TEMPEST",2023,"June",6,1254,"EDT","2","Seawater","S7_H","D7","84","","G",419802.714965478,"Over Std Curve Range",55466.7267441016,"Within Std Curve Range"
"308","COMPASS: TEMPEST",2023,"May",16,1201,"EDT",NA,"Seawater","S7_H","D7","44","","G",166701.474106158,"Over Std Curve Range",20328.5521672365,"Within Std Curve Range"
"309","COMPASS: TEMPEST",2023,"June",7,1312,"EDT","3_PM","Seawater","S7_H","D7","149","","G",405062.440888423,"Over Std Curve Range",52381.0006102795,"Within Std Curve Range"
"310","COMPASS: TEMPEST",2023,"June",9,1112,"EDT","5","Seawater","S7_H","B5","223","","G",6125.77129628573,"Within Std Curve Range",60646.0646612861,"Within Std Curve Range"
"311","COMPASS: TEMPEST",2023,"June",5,1459,"EDT","1","Seawater","S7_H","D7","51","","G",441628.763670408,"Over Std Curve Range",64045.0734417828,"Within Std Curve Range"
"312","COMPASS: TEMPEST",2023,"June",4,1549,"EDT","0","Seawater","S7_H","D7","16","","G",403130.176611011,"Over Std Curve Range",55318.8211694054,"Within Std Curve Range"
"313","COMPASS: TEMPEST",2023,"June",7,1349,"EDT","3_PM","Seawater","S7_H","B5","160","","G",5562.84433823683,"Within Std Curve Range",56437.071909592,"Within Std Curve Range"
"314","COMPASS: TEMPEST",2023,"June",7,946,"EDT","3_AM","Seawater","S7_H","B5","125","","G",2916.80100269187,"Within Std Curve Range",59314.441469316,"Within Std Curve Range"
"315","COMPASS: TEMPEST",2023,"July",12,1419,"EDT",NA,"Seawater","S7_H","D7","14","","G",378656.823332161,"Over Std Curve Range",79092.8760790337,"Within Std Curve Range"
"316","COMPASS: TEMPEST",2023,"March",2,1237,"EDT",NA,"Seawater","S7_H","D7","24","","G",344384.680056759,"Over Std Curve Range",29424.3004687078,"Within Std Curve Range"
"317","COMPASS: TEMPEST",2023,"June",7,1052,"EDT","3_AM","Seawater","S7_H","D7","115","no water in high pipe, weird","G",426929.522509753,"Over Std Curve Range",56912.2705873377,"Within Std Curve Range"
"318","COMPASS: TEMPEST",2023,"October",3,1122,"EDT",NA,"Seawater","S7_H","D7","44",NA,"G",415828.441035718,"Over Std Curve Range",57581.5286153566,"Within Std Curve Range"
"319","COMPASS: TEMPEST",2023,"June",4,1325,"EDT","0","Seawater","S7_H","B5","28","","G",625.909141336038,"Within Std Curve Range",21247.6005644846,"Within Std Curve Range"
"320","COMPASS: TEMPEST",2023,"June",7,1311,"EDT","3_PM","Seawater","S7_L","D7","150","w/water extracted gas","",369030.78692736,"Over Std Curve Range",61237.7009974538,"Within Std Curve Range"
"321","COMPASS: TEMPEST",2023,"June",4,1548,"EDT","0","Seawater","S7_L","D7","17","","G",402659.316369009,"Over Std Curve Range",57948.1210018252,"Within Std Curve Range"
"322","COMPASS: TEMPEST",2023,"June",7,1050,"EDT","3_AM","Seawater","S7_L","D7","116","w/water; extracted 2mL","",424868.205359737,"Over Std Curve Range",69075.7405682974,"Within Std Curve Range"
"323","COMPASS: TEMPEST",2023,"June",9,1054,"EDT","5","Seawater","S7_L","D7","215","w/water - extracted","G",382402.369215379,"Over Std Curve Range",66200.7688703743,"Within Std Curve Range"
"324","COMPASS: TEMPEST",2023,"June",8,1238,"EDT","4","Seawater","S7_L","B5","192","","G",1954.31635104798,"Within Std Curve Range",50181.7511794673,"Within Std Curve Range"
"325","COMPASS: TEMPEST",2023,"June",5,1458,"EDT","1","Seawater","S7_L","D7","52","","G",414549.975304555,"Over Std Curve Range",62228.7990468393,"Within Std Curve Range"
"326","COMPASS: TEMPEST",2023,"June",6,1345,"EDT","2","Seawater","S7_L","B5","95","","G",3517.45029319926,"Within Std Curve Range",54853.3054035162,"Within Std Curve Range"
"327","COMPASS: TEMPEST",2023,"June",6,1253,"EDT","2","Seawater","S7_L","D7","85","","G",398966.010132729,"Over Std Curve Range",59708.1304615453,"Within Std Curve Range"
"328","COMPASS: TEMPEST",2023,"June",9,1112,"EDT","5","Seawater","S7_L","B5","224","","G",2108.86271147803,"Within Std Curve Range",47283.7715180023,"Within Std Curve Range"
"329","COMPASS: TEMPEST",2023,"June",8,1353,"EDT","4","Seawater","S7_L","D7","182","w/water - extracted","G",315618.161963311,"Over Std Curve Range",73810.8059384574,"Within Std Curve Range"
"330","COMPASS: TEMPEST",2023,"June",5,1325,"EDT","1","Seawater","S7_L","B5","62","","G",1550.44473697352,"Within Std Curve Range",52015.125037343,"Within Std Curve Range"
"331","COMPASS: TEMPEST",2023,"June",7,947,"EDT","3_AM","Seawater","S7_L","B5","126","","G",1869.20641260394,"Within Std Curve Range",49421.5988669522,"Within Std Curve Range"
"332","COMPASS: TEMPEST",2023,"June",4,1325,"EDT","0","Seawater","S7_L","B5","29","","G",1373.75690070879,"Within Std Curve Range",47448.910346584,"Within Std Curve Range"
"333","COMPASS: TEMPEST",2023,"June",7,1349,"EDT","3_PM","Seawater","S7_L","B5","161","","G",1688.95942613176,"Within Std Curve Range",46434.3737118384,"Within Std Curve Range"
"334","COMPASS: TEMPEST",2023,"June",8,1333,"EDT","4","Seawater","S8_H","C6","183","","G",16646.7503576669,"Within Std Curve Range",120612.647337696,"Within Std Curve Range"
"335","COMPASS: TEMPEST",2023,"September",12,1207,"EDT",NA,"Seawater","S8_H","C6","15",NA,"G",38216.2065856768,"Within Std Curve Range",75965.7959390676,"Within Std Curve Range"
"336","COMPASS: TEMPEST",2023,"June",4,1539,"EDT","0","Seawater","S8_H","C6","18","","G",738.282161980036,"Within Std Curve Range",53820.9284128374,"Within Std Curve Range"
"337","COMPASS: TEMPEST",2023,"August",14,1126,"EDT",NA,"Seawater","S8_H","C6","45","high well","G",34103.7185125774,"Within Std Curve Range",88063.4965100711,"Within Std Curve Range"
"338","COMPASS: TEMPEST",2023,"June",7,1000,"EDT","3_AM","Seawater","S8_H","C6","117","","G",12939.9429564289,"Within Std Curve Range",108220.379190025,"Within Std Curve Range"
"339","COMPASS: TEMPEST",2023,"November",3,1051,"EDT",NA,"Seawater","S8_H","C6","15",NA,"G",36889.1055693604,"Within Std Curve Range",56806.1912490966,"Within Std Curve Range"
"340","COMPASS: TEMPEST",2023,"March",2,1240,"EDT",NA,"Seawater","S8_H","C6","25","","G",2584.36739247681,"Within Std Curve Range",73998.4867526018,"Within Std Curve Range"
"341","COMPASS: TEMPEST",2023,"June",5,1316,"EDT","1","Seawater","S8_H","C6","53","","G",8246.93348778063,"Within Std Curve Range",125261.4275135,"Within Std Curve Range"
"342","COMPASS: TEMPEST",2023,"June",9,1105,"EDT","5","Seawater","S8_H","B4","225","","G",3442.79324730703,"Within Std Curve Range",46135.8965409907,"Within Std Curve Range"
"343","COMPASS: TEMPEST",2023,"May",16,1210,"EDT",NA,"Seawater","S8_H","C6","45","","G",115.860950295117,"Within Std Curve Range",14202.8167454544,"Within Std Curve Range"
"344","COMPASS: TEMPEST",2023,"July",12,1417,"EDT",NA,"Seawater","S8_H","C6","15","high well","G",23971.6490342515,"Within Std Curve Range",103939.145708544,"Within Std Curve Range"
"345","COMPASS: TEMPEST",2023,"June",8,1245,"EDT","4","Seawater","S8_H","B4","193","","G",2350.82407409324,"Within Std Curve Range",35388.9926457752,"Within Std Curve Range"
"346","COMPASS: TEMPEST",2023,"June",7,1412,"EDT","3_PM","Seawater","S8_H","C6","151","","G",12197.3002408727,"Within Std Curve Range",100796.539446021,"Within Std Curve Range"
"347","COMPASS: TEMPEST",2023,"June",4,1300,"EDT","0","Seawater","S8_H","B4","30","","G",1768.36851564393,"Within Std Curve Range",9932.50060319984,"Within Std Curve Range"
"348","COMPASS: TEMPEST",2023,"October",3,1113,"EDT",NA,"Seawater","S8_H","C6","45",NA,"G",1588.48489705746,"Within Std Curve Range",82095.7300042892,"Within Std Curve Range"
"349","COMPASS: TEMPEST",2023,"June",9,1042,"EDT","5","Seawater","S8_H","C6","216","","G",15553.257490429,"Within Std Curve Range",94746.6619412814,"Within Std Curve Range"
"350","COMPASS: TEMPEST",2023,"June",5,1340,"EDT","1","Seawater","S8_H","B4","63","","G",2786.96324521978,"Within Std Curve Range",40500.8519667948,"Within Std Curve Range"
"351","COMPASS: TEMPEST",2023,"June",7,1002,"EDT","3_AM","Seawater","S8_H","B4","127","","G",5281.58726981754,"Within Std Curve Range",45986.6276632573,"Within Std Curve Range"
"352","COMPASS: TEMPEST",2023,"June",6,1346,"EDT","2","Seawater","S8_H","C6","86","","G",11493.0556069092,"Within Std Curve Range",113644.912256738,"Within Std Curve Range"
"353","COMPASS: TEMPEST",2023,"June",7,1342,"EDT","3_PM","Seawater","S8_H","B4","162","","G",4039.58359674381,"Within Std Curve Range",25242.0417687105,"Within Std Curve Range"
"354","COMPASS: TEMPEST",2023,"March",2,1244,"EDT",NA,"Seawater","S8_H","B4","15","","G",40637.5463406294,"Within Std Curve Range",34208.7117457603,"Within Std Curve Range"
"355","COMPASS: TEMPEST",2023,"June",6,1326,"EDT","2","Seawater","S8_H","B4","96","","G",2370.22559485855,"Within Std Curve Range",36886.9914896056,"Within Std Curve Range"
"356","COMPASS: TEMPEST",2023,"June",5,1340,"EDT","1","Seawater","S8_L","B4","64","","G",41883.54281196,"Within Std Curve Range",89794.6527053439,"Within Std Curve Range"
"357","COMPASS: TEMPEST",2023,"June",4,1301,"EDT","0","Seawater","S8_L","B4","31","","G",13935.9020540977,"Within Std Curve Range",38416.0451457247,"Within Std Curve Range"
"358","COMPASS: TEMPEST",2023,"June",7,959,"EDT","3_AM","Seawater","S8_L","C6","118","","G",1452.38184342542,"Within Std Curve Range",55032.7318181502,"Within Std Curve Range"
"359","COMPASS: TEMPEST",2023,"June",7,1411,"EDT","3_PM","Seawater","S8_L","C6","152","","G",1500.68159323485,"Within Std Curve Range",56369.4750350464,"Within Std Curve Range"
"360","COMPASS: TEMPEST",2023,"June",6,1345,"EDT","2","Seawater","S8_L","C6","87","","G",3802.42770915289,"Within Std Curve Range",52805.1452586569,"Within Std Curve Range"
"361","COMPASS: TEMPEST",2023,"June",9,1041,"EDT","5","Seawater","S8_L","C6","217","","G",8808.32649275197,"Within Std Curve Range",55040.1615489946,"Within Std Curve Range"
"362","COMPASS: TEMPEST",2023,"June",8,1245,"EDT","4","Seawater","S8_L","B4","194","","G",42863.3621560457,"Within Std Curve Range",76651.513904364,"Within Std Curve Range"
"363","COMPASS: TEMPEST",2023,"June",8,1332,"EDT","4","Seawater","S8_L","C6","184","","G",990.952740947523,"Within Std Curve Range",52039.7377675673,"Within Std Curve Range"
"364","COMPASS: TEMPEST",2023,"June",4,1538,"EDT","0","Seawater","S8_L","C6","19","","G",640.257620690415,"Within Std Curve Range",28140.395230515,"Within Std Curve Range"
"365","COMPASS: TEMPEST",2023,"June",6,1327,"EDT","2","Seawater","S8_L","B4","97","","G",41595.128809241,"Within Std Curve Range",79126.6685124902,"Within Std Curve Range"
"366","COMPASS: TEMPEST",2023,"June",5,1315,"EDT","1","Seawater","S8_L","C6","54","","G",1276.35797792253,"Within Std Curve Range",58489.7053966612,"Within Std Curve Range"
"367","COMPASS: TEMPEST",2023,"June",7,1002,"EDT","3_AM","Seawater","S8_L","B4","128","","G",39815.2694733469,"Within Std Curve Range",75120.5546061408,"Within Std Curve Range"
"368","COMPASS: TEMPEST",2023,"June",9,1105,"EDT","5","Seawater","S8_L","B4","226","","G",46994.2023434195,"Within Std Curve Range",81921.8907895497,"Within Std Curve Range"
"369","COMPASS: TEMPEST",2023,"June",7,1342,"EDT","3_PM","Seawater","S8_L","B4","163","","G",38791.2288189459,"Within Std Curve Range",72252.9719049766,"Within Std Curve Range"
"370","COMPASS: TEMPEST",2023,"September",12,1158,"EDT",NA,"Seawater","S9_H","F2","16",NA,"G",8841.85021588659,"Within Std Curve Range",66072.0644434052,"Within Std Curve Range"
"371","COMPASS: TEMPEST",2023,"June",7,829,"EDT","3_AM","Seawater","S9_H","F2","119","","G",1030.59231868612,"Within Std Curve Range",66495.3986289088,"Within Std Curve Range"
"372","COMPASS: TEMPEST",2023,"June",6,1246,"EDT","2","Seawater","S9_H","F2","88","","G",882.438044752741,"Within Std Curve Range",54805.6914973839,"Within Std Curve Range"
"373","COMPASS: TEMPEST",2023,"November",3,1059,"EDT",NA,"Seawater","S9_H","F2","16",NA,"G",4596.34547263034,"Within Std Curve Range",56840.4125073415,"Within Std Curve Range"
"374","COMPASS: TEMPEST",2023,"August",14,1131,"EDT",NA,"Seawater","S9_H","F2","46","high well","G",2993.13001334887,"Within Std Curve Range",81991.4322842883,"Within Std Curve Range"
"375","COMPASS: TEMPEST",2023,"June",7,1511,"EDT","3_PM","Seawater","S9_H","F2","153","","G",586.298968276276,"Within Std Curve Range",59263.3718626726,"Within Std Curve Range"
"376","COMPASS: TEMPEST",2023,"June",5,1416,"EDT","1","Seawater","S9_H","G3","65","","G",452.388952598613,"Within Std Curve Range",43012.0172208153,"Within Std Curve Range"
"377","COMPASS: TEMPEST",2023,"June",8,1213,"EDT","4","Seawater","S9_H","F2","185","","G",389.598559625514,"Within Std Curve Range",54887.6497398867,"Within Std Curve Range"
"378","COMPASS: TEMPEST",2023,"June",7,854,"EDT","3_AM","Seawater","S9_H","G3","129","","G",22.4906401998465,"Within Std Curve Range",50390.8691463059,"Within Std Curve Range"
"379","COMPASS: TEMPEST",2023,"June",8,1352,"EDT","4","Seawater","S9_H","G3","195","","G",17.5681947254733,"Within Std Curve Range",44418.0715337051,"Within Std Curve Range"
"380","COMPASS: TEMPEST",2023,"June",7,1503,"EDT","3_PM","Seawater","S9_H","G3","164","","G",15.497771998807,"Within Std Curve Range",39699.9218486073,"Within Std Curve Range"
"381","COMPASS: TEMPEST",2023,"June",4,1439,"EDT","0","Seawater","S9_H","G3","32","installed upper septa","G",21.2059818615559,"Within Std Curve Range",29918.5443751569,"Within Std Curve Range"
"382","COMPASS: TEMPEST",2023,"June",9,1034,"EDT","5","Seawater","S9_H","G3","227","","G",21.8635291897314,"Within Std Curve Range",47321.9823011721,"Within Std Curve Range"
"383","COMPASS: TEMPEST",2023,"June",9,1016,"EDT","5","Seawater","S9_H","F2","218","","G",588.559930779112,"Within Std Curve Range",61423.5344130453,"Within Std Curve Range"
"384","COMPASS: TEMPEST",2023,"October",3,1115,"EDT",NA,"Seawater","S9_H","F2","46",NA,"G",601.986312685926,"Within Std Curve Range",52412.2117161001,"Within Std Curve Range"
"385","COMPASS: TEMPEST",2023,"June",5,1226,"EDT","1","Seawater","S9_H","F2","55","","G",508.471631745787,"Within Std Curve Range",54516.3562472708,"Within Std Curve Range"
"386","COMPASS: TEMPEST",2023,"June",4,1318,"EDT","0","Seawater","S9_H","F2","20","","G",1057.58906548442,"Within Std Curve Range",58418.6456578362,"Within Std Curve Range"
"387","COMPASS: TEMPEST",2023,"June",6,1426,"EDT","2","Seawater","S9_H","G3","98","","G",99.8170759999291,"Within Std Curve Range",41647.0819114224,"Within Std Curve Range"
"388","COMPASS: TEMPEST",2023,"July",12,1410,"EDT",NA,"Seawater","S9_H","F2","16","high well","G",4543.22580414109,"Within Std Curve Range",90370.3114969415,"Within Std Curve Range"
"389","COMPASS: TEMPEST",2023,"June",6,1245,"EDT","2","Seawater","S9_L","F2","89","","G",7401.15989841405,"Within Std Curve Range",77762.9470597356,"Within Std Curve Range"
"390","COMPASS: TEMPEST",2023,"June",9,1015,"EDT","5","Seawater","S9_L","F2","219","","G",2409.28885027316,"Within Std Curve Range",85766.1083511019,"Within Std Curve Range"
"391","COMPASS: TEMPEST",2023,"June",8,1212,"EDT","4","Seawater","S9_L","F2","186","","G",3679.75069065173,"Within Std Curve Range",79002.349434189,"Within Std Curve Range"
"392","COMPASS: TEMPEST",2023,"June",5,1416,"EDT","1","Seawater","S9_L","G3","66","","G",100.043101727115,"Within Std Curve Range",62285.2709551499,"Within Std Curve Range"
"393","COMPASS: TEMPEST",2023,"June",7,854,"EDT","3_AM","Seawater","S9_L","G3","130","","G",79.2949729587606,"Within Std Curve Range",64272.1161513258,"Within Std Curve Range"
"394","COMPASS: TEMPEST",2023,"June",7,1510,"EDT","3_PM","Seawater","S9_L","F2","154","","G",3157.38734761444,"Within Std Curve Range",71442.5427523998,"Within Std Curve Range"
"395","COMPASS: TEMPEST",2023,"June",9,1034,"EDT","5","Seawater","S9_L","G3","228","","G",70.922479514863,"Within Std Curve Range",61843.3210912573,"Within Std Curve Range"
"396","COMPASS: TEMPEST",2023,"March",2,1231,"EDT",NA,"Seawater","S9_L","F2","26","","G",8034.65292873027,"Within Std Curve Range",41487.457136966,"Within Std Curve Range"
"397","COMPASS: TEMPEST",2023,"June",7,1503,"EDT","3_PM","Seawater","S9_L","G3","165","","G",62.6357626915719,"Within Std Curve Range",55312.6429804886,"Within Std Curve Range"
"398","COMPASS: TEMPEST",2023,"June",6,1427,"EDT","2","Seawater","S9_L","G3","99","","G",83.9402862052886,"Within Std Curve Range",61757.1424559493,"Within Std Curve Range"
"399","COMPASS: TEMPEST",2023,"May",16,1215,"EDT",NA,"Seawater","S9_L","F2","46","","G",10399.909320597,"Within Std Curve Range",75078.9649839256,"Within Std Curve Range"
"400","COMPASS: TEMPEST",2023,"June",4,1317,"EDT","0","Seawater","S9_L","F2","21","","G",5055.67545366757,"Within Std Curve Range",78434.8495456421,"Within Std Curve Range"
"401","COMPASS: TEMPEST",2023,"June",4,1439,"EDT","0","Seawater","S9_L","G3","33","","G",80.4722473000116,"Within Std Curve Range",60686.4715795325,"Within Std Curve Range"
"402","COMPASS: TEMPEST",2023,"June",8,1352,"EDT","4","Seawater","S9_L","G3","196","","G",67.8323187431553,"Within Std Curve Range",62547.1046540948,"Within Std Curve Range"
"403","COMPASS: TEMPEST",2023,"June",5,1227,"EDT","1","Seawater","S9_L","F2","56","","G",4651.53687626021,"Within Std Curve Range",79301.5725187545,"Within Std Curve Range"
"404","COMPASS: TEMPEST",2023,"March",2,1251,"EDT",NA,"Seawater","S9_L","G3","16","","G",217.635675934202,"Within Std Curve Range",38034.4255008339,"Within Std Curve Range"
"405","COMPASS: TEMPEST",2023,"June",7,828,"EDT","3_AM","Seawater","S9_L","F2","120","","G",8752.00294091924,"Within Std Curve Range",86453.1574416737,"Within Std Curve Range"
