Plot,Section,Tag,Grid,DBH_2019,Date_2019,Species_code,Status_2019,Sapflux,DBH_2020,Date_2020,Status_2020,Date_2021,DBH_2021,Status_2021,In_Plot,Notes,JS_codes
Control,East,1301,I6,10.7,2019-03-09,COFL2,LI,,10.7,2020-03-10,LI,2021-03-09,10.6,LI,FALSE,,
Control,East,1302,I8,11.7,2019-03-09,ACRU,LI,,11.7,2020-03-10,LI,2021-03-09,11.7,LI,FALSE,,
Control,East,1303,I8,18.7,2019-03-09,ACRU,LI,,18.9,2020-03-10,LI,2021-03-09,19.1,LI,FALSE,,
Control,East,1304,H8,51.8,2019-03-09,LIST2,LI,,52.2,2020-03-10,LI,2021-03-09,52.1,LI,TRUE,,
Control,East,1305,H8,35.2,2019-03-09,LIST2,LI,,35,2020-03-10,LI,2021-03-09,35.5,LI,TRUE,,
Control,East,1306,H7,21.9,2019-03-09,LIST2,LI,,22.4,2020-03-10,LI,2021-03-09,21.9,LI,TRUE,,
Control,East,1307,H7,22.6,2019-03-09,,DS,,,2020-03-10,DS,2021-03-09,,DS,TRUE,,
Control,East,1308,H7,5.9,2019-03-09,FAGR,LI,,6,2020-03-10,LI,2021-03-09,6.1,LI,TRUE,,
Control,East,1309,I7,11.6,2019-03-09,FAGR,LI,,12,2020-03-10,LI,2021-03-09,12.2,LI,TRUE,,
Control,East,1310,I7,29.1,2019-03-09,LIST2,LI,,28.9,2020-03-10,LI,2021-03-09,29.2,LI,TRUE,,
Control,East,1311,I7,37.2,2019-03-09,LIST2,LI,,37.3,2020-03-10,LI,2021-03-09,37.3,LI,TRUE,,
Control,East,1312,I7,26.3,2019-03-09,CAGL8,LI,,26.5,2020-03-10,LI,2021-03-09,26.9,LI,TRUE,,
Control,East,1313,J6,15,2019-03-09,ACRU,LI,,15,2020-03-10,LI,2021-03-09,15.1,LI,TRUE,,
Control,East,1314,I6,9.5,2019-03-09,LITU,LI,,9.6,2020-03-10,LI,2021-03-09,9.7,LI,TRUE,,
Control,East,1315,I6,49.2,2019-03-09,,DS,,,2020-03-10,DS,2021-03-09,,DC,TRUE,,
Control,East,1316,H6,51.6,2019-03-09,LIST2,LI,,51.8,2020-03-10,LI,2021-03-09,52,LI,TRUE,,
Control,East,1317,H6,21,2019-03-09,CAGL8,LI,,21.2,2020-03-10,LI,2021-03-09,21.4,LI,TRUE,,
Control,East,1318,H6,5,2019-03-09,FAGR,LI,,5.6,2020-03-10,LI,2021-03-09,5.8,LI,TRUE,,
Control,East,1319,G6,19.9,2019-03-09,ACRU,LI,,19.9,2020-03-10,LI,2021-03-09,19.9,LI,TRUE,,
Control,East,1320,G7,10,2019-03-09,ACRU,LI,,10.1,2020-03-10,LI,2021-03-09,10.1,LI,TRUE,,
Control,East,1321,I5,14.5,2019-03-09,CAGL8,LI,,14.8,2020-03-10,LI,2021-03-09,15.1,LI,TRUE,,
Control,East,1322,J5,19.3,2019-03-09,ACRU,DS,,,2020-03-10,DS,2021-03-09,,DS,TRUE,,
Control,East,1323,J4,28.7,2019-03-09,QUAL,LI,,29.2,2020-03-10,LI,2021-03-09,29.7,LI,TRUE,,SP
Control,East,1324,I4,13.7,2019-03-09,,LI,,13.8,2020-03-10,LI,2021-03-09,13.9,LI,TRUE,,
Control,East,1325,H4,47.7,2019-03-09,LITU,LI,C4,48.2,2020-03-10,LI,2021-03-09,48.6,LI,TRUE,,
Control,East,1326,G4,14.8,2019-03-09,CAGL8,LI,,15.1,2020-03-10,LI,2021-03-09,15.3,LI,TRUE,,
Control,East,1327,G4,53.1,2019-03-09,LIST2,LI,,52.6,2020-03-10,LI,2021-03-09,53.3,LI,TRUE,,"IR, SP"
Control,East,1328,G3,27.8,2019-03-09,ACRU,LI,C12,27.8,2020-03-10,LI,2021-03-09,27.9,LI,TRUE,,
Control,East,1329,H3,6.6,2019-03-09,FAGR,LI,,6.8,2020-03-10,LI,2021-03-09,7,LI,TRUE,,
Control,East,1330,I3,39.8,2019-03-09,LITU,LI,C5,39.9,2020-03-10,LI,2021-03-09,39.7,LI,TRUE,,"IR, SP"
Control,East,1331,I3,55.1,2019-03-09,LIST2,LI,,55.3,2020-03-10,LI,2021-03-09,55.2,LI,TRUE,,
Control,East,1332,I3,12.7,2019-03-09,FAGR,LI,,12.8,2020-03-10,LI,2021-03-09,13,LI,TRUE,,
Control,East,1333,I3,8.3,2019-03-09,FAGR,LI,,8.7,2020-03-10,LI,2021-03-09,8.8,LI,TRUE,,
Control,East,1334,J3,16.7,2019-03-09,,DS,,,2020-03-10,DS,2021-03-09,,DC,TRUE,,
Control,East,1335,I2,11.3,2019-03-09,CAGL8,LI,,11.3,2020-03-10,LI,2021-03-09,11.4,LI,TRUE,,
Control,East,1336,H3,18.2,2019-03-09,CAGL8,LI,,18.9,2020-03-10,LI,2021-03-09,18.8,LI,TRUE,,
Control,East,1337,H2,14.3,2019-03-09,FAGR,LI,,14.6,2020-03-10,LI,2021-03-09,14.9,LI,TRUE,,
Control,East,1338,H2,4.7,2019-03-09,FAGR,LI,,4.7,2020-03-10,LI,2021-03-09,4.8,LI,TRUE,,
Control,East,1339,G2,36.1,2019-03-09,ACRU,LI,,36.2,2020-03-10,LI,2021-03-09,37.4,LI,TRUE,,
Control,East,1340,G1,23.3,2019-03-09,CAGL8,LI,,23.7,2020-03-10,LI,2021-03-09,24.3,LI,TRUE,,
Control,East,1341,H1,25.7,2019-03-09,QUAL,LI,,25.7,2020-03-10,LI,2021-03-09,25.7,LI,TRUE,,SP
Control,East,1342,H1,16.6,2019-03-09,FAGR,LI,,16.9,2020-03-10,LI,2021-03-09,17.1,LI,TRUE,,
Control,East,1343,H1,11.2,2019-03-09,ACRU,LI,,11,2020-03-10,LI,2021-03-09,,DS,TRUE,,
Control,East,1344,H1,5.4,2019-03-09,FAGR,LI,,5.6,2020-03-10,LI,2021-03-09,5.6,LI,TRUE,,
Control,East,1345,H1,18.9,2019-03-09,QUAL,LI,,18.9,2020-03-10,LI,2021-03-09,18.8,LI,TRUE,,SP
Control,East,1346,H1,43.3,2019-03-09,LIST2,LI,,43.3,2020-03-10,LI,2021-03-09,43.2,LI,TRUE,,SP
Control,East,1347,J1,30,2019-03-09,ACRU,LI,,30.4,2020-03-10,LI,2021-03-09,30.4,LI,TRUE,,
Control,East,1348,J1,31.6,2019-03-09,ACRU,LI,,32,2020-03-10,LI,2021-03-09,32.1,LI,TRUE,,
Control,East,1349,J1,10.1,2019-03-09,FAGR,LI,,10.3,2020-03-10,LI,2021-03-09,10.7,LI,TRUE,,
Control,East,1350,J1,4.5,2019-03-09,FAGR,LI,,4.7,2020-03-10,LI,2021-03-09,4.8,LI,TRUE,,
Control,East,1351,J1,2,2019-03-09,FAGR,LI,,2.1,2020-03-10,LI,2021-03-09,2,LI,TRUE,,
Control,East,1352,J1,18.8,2019-03-09,QUFA,LI,,19.1,2020-03-10,LI,2021-03-09,18.8,LI,TRUE,,SP
Control,Center,1353,G8,9,2019-03-09,FAGR,LI,,9.3,2020-03-10,LI,2021-03-09,9.7,LI,FALSE,,
Control,Center,1354,G8,28.1,2019-03-09,QUFA,LI,,28.3,2020-03-10,LI,2021-03-09,28.5,LI,FALSE,,SP
Control,Center,1355,F8,12.6,2019-03-09,COFL2,LI,,12.6,2020-03-10,LI,2021-03-09,12.7,LI,TRUE,,SP
Control,Center,1356,D8,6.5,2019-03-09,FAGR,LI,,6.7,2020-03-10,LI,2021-03-09,6.8,LI,TRUE,,
Control,Center,1357,E8,6.3,2019-03-09,ILOP,LI,,6.4,2020-03-10,LI,2021-03-09,6.4,LI,TRUE,,
Control,Center,1358,D8,10.2,2019-03-09,FAGR,LI,,10.4,2020-03-10,LI,2021-03-09,10.6,LI,TRUE,,
Control,Center,1359,D7,6.5,2019-03-09,ILOP,LI,,,2020-03-10,DC,2021-03-09,,DC,TRUE,,
Control,Center,1360,D7,23.5,2019-03-09,LIST2,LI,,23.7,2020-03-10,LI,2021-03-09,23.7,LI,TRUE,,
Control,Center,1361,D7,11.5,2019-03-09,,DS,,,2020-03-10,DS,2021-03-09,,,TRUE,,
Control,Center,1362,E8,11.5,2019-03-09,ACRU,LI,,11.7,2020-03-10,LI,2021-03-09,11.8,LI,TRUE,,
Control,Center,1363,E7,5.2,2019-03-09,FAGR,LI,,5.4,2020-03-10,LI,2021-03-09,5.5,LI,TRUE,,
Control,Center,1364,E7,33.1,2019-03-09,LITU,LI,,33.4,2020-03-10,LI,2021-03-09,,LI,TRUE,,
Control,Center,1365,G7,22.5,2019-03-09,FAGR,LI,,22.8,2020-03-10,LI,2021-03-09,23,LI,TRUE,,
Control,Center,1366,G7,52.3,2019-03-09,LIST2,LI,,52,2020-03-10,LI,2021-03-09,52.3,LI,TRUE,,
Control,Center,1367,G7,23.5,2019-03-09,LIST2,LI,,23.5,2020-03-10,LI,2021-03-09,23.5,LI,TRUE,,
Control,Center,1368,G7,7.2,2019-03-09,FAGR,LI,,7.2,2020-03-10,LI,2021-03-09,7.5,LI,TRUE,,
Control,Center,1369,F7,8.3,2019-03-09,FAGR,LI,,8.5,2020-03-10,LI,2021-03-09,8.7,LI,TRUE,,
Control,Center,1370,E7,11.7,2019-03-09,QUAL,LI,,11.8,2020-03-10,LI,2021-03-09,11.8,LI,TRUE,,SP
Control,Center,1371,E7,12.6,2019-03-09,,DS,,,2020-03-10,DS,2021-03-09,,DS,TRUE,,
Control,Center,1372,D7,15.1,2019-03-09,QUAL,LI,,15.1,2020-03-10,LI,2021-03-09,15.2,LI,TRUE,,"SP, IR"
Control,Center,1373,D7,13.3,2019-03-09,FAGR,LI,,13.4,2020-03-10,LI,2021-03-09,13.5,LI,TRUE,,
Control,Center,1374,D7,14.2,2019-03-09,FAGR,LI,,14.5,2020-03-10,LI,2021-03-09,14.5,LI,TRUE,,
Control,Center,1375,D6,11.7,2019-03-09,QUAL,LI,,11.5,2020-03-10,LI,2021-03-09,,DS,TRUE,,"SP, IR"
Control,Center,1376,D6,24.1,2019-03-09,LIST2,LI,,24.1,2020-03-10,LI,2021-03-09,24.1,LI,TRUE,,
Control,Center,1377,F6,19.8,2019-03-09,QUAL,LI,,19.8,2020-03-10,LI,2021-03-09,19.8,LI,TRUE,Dying (2021),SP
Control,Center,1378,E6,17.6,2019-03-09,QUAL,LI,,17.6,2020-03-10,LI,2021-03-09,17.7,LI,TRUE,,SP
Control,Center,1379,E5,23.1,2019-03-09,LIST2,LI,,23,2020-03-10,LI,2021-03-09,23,LI,TRUE,,
Control,Center,1380,F6,43.9,2019-03-09,FAGR,LI,C17,44.3,2020-03-10,LI,2021-03-09,44.5,LI,TRUE,,
Control,Center,1381,G6,9.5,2019-03-09,FAGR,LI,,9.8,2020-03-10,LI,2021-03-09,10.1,LI,TRUE,,
Control,Center,1382,G5,6.5,2019-03-09,COFL2,LI,,6.5,2020-03-10,LI,2021-03-09,6.5,LI,TRUE,,
Control,Center,1383,G5,15,2019-03-09,ACRU,LI,,15.1,2020-03-10,LI,2021-03-09,15.2,LI,TRUE,,
Control,Center,1384,F5,46.4,2019-03-09,LITU,LI,C1,46.7,2020-03-10,LI,2021-03-09,47.1,LI,TRUE,,
Control,Center,1385,F5,39.2,2019-03-09,LITU,LI,C2,39.3,2020-03-10,LI,2021-03-09,39.5,LI,TRUE,,
Control,Center,1386,E5,10.7,2019-03-09,COFL2,LI,,10.9,2020-03-10,LI,2021-03-09,10.5,LI,TRUE,,SP
Control,Center,1387,D4,35.9,2019-03-09,ACRU,LI,C10,35.5,2020-03-10,LI,2021-03-09,36,LI,TRUE,,
Control,Center,1388,D4,8.4,2019-03-09,ACRU,LI,,8.4,2020-03-10,LI,2021-03-09,8.5,LI,TRUE,,
Control,Center,1389,D4,7.5,2019-03-09,FAGR,LI,,7.7,2020-03-10,LI,2021-03-09,7.9,LI,TRUE,,
Control,Center,1390,E4,31.1,2019-03-09,FAGR,LI,C16,31.1,2020-03-10,LI,2021-03-09,32,LI,TRUE,,
Control,Center,1391,F3,7.4,2019-03-09,FAGR,LI,,7.7,2020-03-10,LI,2021-03-09,8.1,LI,TRUE,,
Control,Center,1392,F3,10.5,2019-03-09,ACRU,LI,,10.5,2020-03-10,LI,2021-03-09,10.5,LI,TRUE,,
Control,Center,1393,F3,10.4,2019-03-09,CAGL8,LI,,10.5,2020-03-10,LI,2021-03-09,10.5,LI,TRUE,,
Control,Center,1394,F2,28.8,2019-03-09,ACRU,LI,,28.6,2020-03-10,LI,2021-03-09,,DS,TRUE,,
Control,Center,1395,F2,34.6,2019-03-09,ACRU,LI,C11,34.7,2020-03-10,LI,2021-03-09,34.7,LI,TRUE,,
Control,Center,1396,E2,12.7,2019-03-09,ACRU,LI,,12.7,2020-03-10,LI,2021-03-09,12.9,LI,TRUE,,
Control,Center,1397,E2,20.7,2019-03-09,ACRU,LI,,20.6,2020-03-10,LI,2021-03-09,20.7,LI,TRUE,,
Control,Center,1398,,4.2,2019-03-09,,DS,,,2020-03-10,DS,2021-03-09,,DS,TRUE,,
Control,Center,1399,D2,26.7,2019-03-09,ACRU,LI,,,2020-03-10,DS,2021-03-09,,DS,TRUE,,
Control,Center,1400,D1,18.3,2019-03-09,QUAL,LI,,18.7,2020-03-10,LI,2021-03-09,18.8,LI,TRUE,,
Control,Center,1401,D1,14.4,2019-03-09,COFL2,LI,,14.4,2020-03-10,LI,2021-03-09,14.3,LI,TRUE,,SP
Control,Center,1402,E1,19.9,2019-03-09,LIST2,LI,,19.6,2020-03-10,LI,2021-03-09,19.5,LI,TRUE,,
Control,West,1403,C8,8.9,2019-03-09,FAGR,LI,,9,2020-03-10,LI,2021-03-09,9.3,LI,FALSE,,
Control,West,1404,C8,5.7,2019-03-09,COFL2,LI,,5.8,2020-03-10,LI,2021-03-09,5.8,LI,TRUE,,
Control,West,1405,C8,71.4,2019-03-09,QU??,LI,,70.8,2020-03-10,LI,2021-03-09,71,LI,TRUE,,
Control,West,1406,B8,33.7,2019-03-09,LIST2,LI,,33.8,2020-03-10,LI,2021-03-09,33.9,LI,TRUE,,
Control,West,1407,B8,37.2,2019-03-09,FAGR,LI,C13,37.5,2020-03-10,LI,2021-03-09,37.6,LI,TRUE,,
Control,West,1408,A8,44.4,2019-03-09,LITU,LI,,44.8,2020-03-10,LI,2021-03-09,45.2,LI,FALSE,,
Control,West,1409,A8,10,2019-03-09,QUAL,LI,,10,2020-03-10,LI,2021-03-09,10,LI,FALSE,,SP
Control,West,1410,A7,17.8,2019-03-09,CAGL8,LI,,17.9,2020-03-10,LI,2021-03-09,18,LI,FALSE,,
Control,West,1411,B7,58.3,2019-03-09,LITU,LI,C6,58.7,2020-03-10,LI,2021-03-09,59.4,LI,TRUE,,
Control,West,1412,B7,24.5,2019-03-09,FAGR,LI,C14,24.9,2020-03-10,LI,2021-03-09,25.1,LI,TRUE,,
Control,West,1413,B7,15.6,2019-03-09,LIST2,LI,,15.5,2020-03-10,LI,2021-03-09,15.5,LI,TRUE,,SP
Control,West,1414,B6,13.3,2019-03-09,FAGR,LI,,13.4,2020-03-10,LI,2021-03-09,13.5,LI,TRUE,,
Control,West,1415,B7,16.8,2019-03-09,LITU,LI,,16.8,2020-03-10,LI,2021-03-09,16.9,LI,TRUE,,
Control,West,1416,A6,11.9,2019-03-09,NYSY,LI,,11.9,2020-03-10,LI,2021-03-09,11.9,LI,TRUE,,
Control,West,1417,A6,32.3,2019-03-09,QUAL,LI,,32.4,2020-03-10,LI,2021-03-09,32.5,LI,FALSE,,
Control,West,1418,A6,15.7,2019-03-09,FAGR,LI,,16.2,2020-03-10,LI,2021-03-09,16.4,LI,FALSE,,
Control,West,1419,A6,56.5,2019-03-09,LITU,LI,,56.6,2020-03-10,LI,2021-03-09,57.3,LI,FALSE,,
Control,West,1420,A5,8.6,2019-03-09,ACRU,LI,,8.5,2020-03-10,LI,2021-03-09,8.6,LI,TRUE,,
Control,West,1421,A5,34.9,2019-03-09,QUVE,LI,,35.4,2020-03-10,LI,2021-03-09,35.9,LI,TRUE,,SP
Control,West,1422,B5,21.1,2019-03-09,NYSY,LI,,21.1,2020-03-10,LI,2021-03-09,21.1,LI,TRUE,May be LIST,
Control,West,1423,B5,12.5,2019-03-09,CAGL8,LI,,12.6,2020-03-10,LI,2021-03-09,12.6,LI,TRUE,,
Control,West,1424,C5,12.6,2019-03-09,QUAL,LI,,12.7,2020-03-10,LI,2021-03-09,12.7,LI,TRUE,,
Control,West,1425,C5,45.6,2019-03-09,LITU,LI,C3,46.2,2020-03-10,LI,2021-03-09,47.1,LI,TRUE,,
Control,West,1426,C5,17.8,2019-03-09,QUAL,LI,,17.8,2020-03-10,LI,2021-03-09,18.1,LI,TRUE,,
Control,West,1427,B4,26,2019-03-09,QUAL,LI,,26.2,2020-03-10,LI,2021-03-09,26.7,LI,TRUE,,
Control,West,1428,B5,22.8,2019-03-09,CAGL8,LI,,23,2020-03-10,LI,2021-03-09,23.1,LI,TRUE,,
Control,West,1429,A5,23.9,2019-03-09,CAGL8,LI,,24.1,2020-03-10,LI,2021-03-09,24.3,LI,TRUE,,
Control,West,1430,A5,6.6,2019-03-09,COFL2,LI,,6.7,2020-03-10,LI,2021-03-09,6.8,LI,TRUE,,
Control,West,1431,A5,11.6,2019-03-09,ACRU,LI,,11.4,2020-03-10,LI,2021-03-09,11.5,LI,TRUE,,SP
Control,West,1432,A4,28.2,2019-03-09,FAGR,LI,C15,28.2,2020-03-10,LI,2021-03-09,28.5,LI,TRUE,,
Control,West,1433,B4,9.8,2019-03-09,ACRU,LI,,9.7,2020-03-10,LI,2021-03-09,9.7,LI,TRUE,,
Control,West,1434,B4,3.2,2019-03-09,COFL2,LI,,,2020-03-10,DS,2021-03-09,,DC,TRUE,,
Control,West,1435,B4,29.8,2019-03-09,CAGL8,LI,,30,2020-03-10,LI,2021-03-09,30.2,LI,TRUE,,
Control,West,1436,C4,25.8,2019-03-09,ACRU,LI,C8,25.8,2020-03-10,LI,2021-03-09,25.7,LI,TRUE,,
Control,West,1437,C3,36.5,2019-03-09,ACRU,LI,,36.8,2020-03-10,LI,2021-03-09,37.7,DS,TRUE,,
Control,West,1438,C3,9.9,2019-03-09,FAGR,LI,,10.2,2020-03-10,LI,2021-03-09,10.4,LI,TRUE,,
Control,West,1439,B3,31.8,2019-03-09,ACRU,LI,C7,31.8,2020-03-10,LI,2021-03-09,32,LI,TRUE,,
Control,West,1440,A4,15.9,2019-03-09,QUAL,LI,,15.9,2020-03-10,LI,2021-03-09,15.9,LI,TRUE,,
Control,West,1441,A4,36,2019-03-09,QUFA,LI,,36.5,2020-03-10,LI,2021-03-09,36.7,LI,FALSE,,SP
Control,West,1442,A2,7.6,2019-03-09,COFL2,LI,,7.6,2020-03-10,LI,2021-03-09,7.6,LI,TRUE,,
Control,West,1443,A3,39.8,2019-03-09,,DS,,,2020-03-10,DS,2021-03-09,,DS,TRUE,,
Control,West,1444,B2,17,2019-03-09,LIST2,LI,,17,2020-03-10,LI,2021-03-09,17,LI,TRUE,,
Control,West,1445,C2,13.4,2019-03-09,FAGR,LI,,13.7,2020-03-10,LI,2021-03-09,14,LI,TRUE,,
Control,West,1446,C2,17.2,2019-03-09,ACRU,LI,,,2020-03-10,DS,2021-03-09,,DC,TRUE,,
Control,West,1447,C1,62.8,2019-03-09,LITU,LI,,62.1,2020-03-10,LI,2021-03-09,62.4,LI,TRUE,,
Control,West,1448,B1,9,2019-03-09,ACRU,LI,,8.7,2020-03-10,LI,2021-03-09,8.8,DS,TRUE,,
Control,West,1449,A2,16.6,2019-03-09,NYSY,LI,,16.8,2020-03-10,LI,2021-03-09,16.7,LI,TRUE,May be LIST,
Control,West,1450,A1,44,2019-03-09,LITU,LI,,44.5,2020-03-10,LI,2021-03-09,45,LI,TRUE,,
Control,West,1451,A1,,,ACRU,,,,,,2021-03-09,19.1,LI,TRUE,,
Control,Center,1452,F1,,,FAGR,,C18,,,,2021-03-09,45.4,LI,TRUE,,
Control,West,1456,A1,,,ACRU,,C9,,,,2021-03-31,24,LI,FALSE,Tag added 3/31/21 ,
Control,Center,1457,F1,,,LIST2,,,,,,2021-04-16,48.3,LI,TRUE,Tag added 4/16/21,
Control,Center,1458,D1,,,FAGR,,,,,,2021-04-16,8.2,LI,TRUE,Tag added 4/16/21,
Control,Center,1459,D1,,,,,,,,,2021-04-16,28.7,LI,TRUE,Tag added 4/16/21,
Fresh,West,1501,A8,7.5,2019-02-24,FAGR,LI,,7.7,2020-03-10,LI,2021-03-09,7.8,LI,TRUE,,
Fresh,West,1502,A8,61.5,2019-02-24,LITU,LI,,61.2,2020-03-10,LI,2021-03-09,60.8,LI,TRUE,,SP
Fresh,West,1503,B8,3.5,2019-02-24,NYSY,LI,,3.5,2020-03-10,LI,2021-03-09,,DC,TRUE,,
Fresh,West,1504,C8,12.8,2019-02-24,FAGR,LI,,13.1,2020-03-10,LI,2021-03-09,13.4,LI,TRUE,,
Fresh,West,1505,C8,45.6,2019-02-24,LITU,LI,,45.7,2020-03-10,LI,2021-03-09,45.9,LI,TRUE,,
Fresh,West,1506,C8,4.2,2019-02-24,FAGR,LI,,4.4,2020-03-10,LI,2021-03-09,4.4,LI,TRUE,,
Fresh,West,1507,C7,21.9,2019-02-24,ACRU,LI,,22,2020-03-10,LI,2021-03-09,21.9,LI,TRUE,,
Fresh,West,1508,B7,50.1,2019-02-24,LITU,LI,,49.8,2020-03-10,LI,2021-03-09,50.6,LI,TRUE,,
Fresh,West,1509,A7,4.5,2019-02-24,FAGR,LI,,4.7,2020-03-10,LI,2021-03-09,4.9,LI,TRUE,,
Fresh,West,1510,A7,19.3,2019-02-24,ACRU,LI,,19.3,2020-03-10,LI,2021-03-09,19.4,LI,TRUE,,
Fresh,West,1511,A7,45,2019-02-24,LIST2,LI,,45.2,2020-03-10,LI,2021-03-09,45.1,LI,TRUE,,SP
Fresh,West,1512,A7,7.1,2019-02-24,FAGR,LI,,7.2,2020-03-10,LI,2021-03-09,,,FALSE,,
Fresh,West,1513,A7,3.5,2019-02-24,FAGR,LI,,3.6,2020-03-10,LI,2021-03-09,3.5,LI,TRUE,,
Fresh,West,1514,A6,6.4,2019-02-24,FAGR,LI,,6.4,2020-03-10,LI,2021-03-09,6.6,LI,TRUE,,
Fresh,West,1515,A6,4.6,2019-02-24,FAGR,LI,,4.7,2020-03-10,LI,2021-03-09,,,FALSE,,
Fresh,West,1516,A6,31.9,2019-02-24,FAGR,LI,F15,31.7,2020-03-10,LI,2021-03-09,32.1,LI,TRUE,,
Fresh,West,1517,C6,9.4,2019-02-24,FAGR,LI,,9.5,2020-03-10,LI,2021-03-09,9.6,LI,TRUE,,
Fresh,West,1518,C6,9.4,2019-02-24,FAGR,LI,,9.4,2020-03-10,LI,2021-03-09,9.4,LI,TRUE,,
Fresh,West,1519,C6,37.5,2019-02-24,FAGR,LI,F13,37.9,2020-03-10,LI,2021-03-09,38.2,LI,TRUE,,
Fresh,West,1520,B5,25.4,2019-02-24,ACRU,LI,F7,25.4,2020-03-10,LI,2021-03-09,25.4,LI,TRUE,,
Fresh,West,1521,B4,25.9,2019-02-24,ACRU,LI,F8,25.9,2020-03-10,LI,2021-03-09,25.9,LI,TRUE,,
Fresh,West,1522,A5,17.7,2019-02-24,FAGR,LI,,17.9,2020-03-10,LI,2021-03-09,18.2,LI,TRUE,,
Fresh,West,1523,A4,67.5,2019-02-24,LITU,LI,,66.8,2020-03-10,LI,2021-03-09,67.6,LI,TRUE,,
Fresh,West,1524,A4,11.5,2019-02-24,FAGR,LI,,11.2,2020-03-10,LI,2021-03-09,11.2,LI,TRUE,,
Fresh,West,1525,A3,49.9,2019-02-24,LITU,LI,,50.4,2020-03-10,LI,2021-03-09,50.7,LI,TRUE,,
Fresh,West,1526,A3,23.8,2019-02-24,ACRU,LI,,23.7,2020-03-10,LI,2021-03-09,,,FALSE,,
Fresh,West,1527,A2,42.3,2019-02-24,LITU,LI,,42.3,2020-03-10,LI,2021-03-09,42.4,LI,TRUE,,
Fresh,West,1528,B3,19.5,2019-02-24,FAGR,LI,,19.7,2020-03-10,LI,2021-03-09,20,LI,TRUE,,
Fresh,West,1529,B3,7.1,2019-02-24,FAGR,LI,,7.1,2020-03-10,LI,2021-03-09,7.1,LI,TRUE,,
Fresh,West,1530,B3,54.9,2019-02-24,LITU,LI,,55,2020-03-10,LI,2021-03-09,55.4,LI,TRUE,,
Fresh,West,1531,B4,5.2,2019-02-24,FAGR,LI,,5.2,2020-03-10,LI,2021-03-09,5.3,LI,TRUE,,
Fresh,West,1532,C4,36,2019-02-24,LITU,LI,,36,2020-03-10,LI,2021-03-09,36.1,LI,TRUE,,
Fresh,West,1533,C4,10.3,2019-02-24,FAGR,LI,,10.5,2020-03-10,LI,2021-03-09,10.5,LI,TRUE,,
Fresh,West,1534,C3,39.8,2019-02-24,ACRU,LI,,39.7,2020-03-10,LI,2021-03-09,39.9,LI,TRUE,,
Fresh,West,1535,C2,28.6,2019-02-24,ACRU,LI,,28.4,2020-03-10,LI,2021-03-09,28.5,LI,TRUE,,
Fresh,West,1536,B2,5.3,2019-02-24,LIST2,LI,,5.3,2020-03-10,LI,2021-03-09,5.3,LI,TRUE,,
Fresh,West,1537,B1,18.1,2019-02-24,FAGR,LI,,18.2,2020-03-10,LI,2021-03-09,18.3,LI,TRUE,,
Fresh,West,1538,C1,19.8,2019-02-24,PRAV,LI,,19.9,2020-03-10,LI,2021-03-09,20,LI,TRUE,,
Fresh,West,1539,A1,35.2,2019-02-24,FAGR,LI,,35.7,2020-03-10,LI,2021-03-09,,,FALSE,,
Fresh,West,1540,,19.3,2019-02-24,NYSY,LI,,19.3,2020-03-10,LI,2021-03-09,,,FALSE,,
Fresh,West,1541,,9,2019-02-24,FAGR,LI,,9.2,2020-03-10,LI,2021-03-09,,,FALSE,,
Fresh,Center,1542,E8,49.7,2019-02-24,LITU,LI,,50.1,2020-03-10,LI,2021-03-09,50.5,LI,TRUE,,
Fresh,Center,1543,D7,35.3,2019-02-24,FAGR,LI,F14,35.3,2020-03-10,LI,2021-03-09,35.5,LI,TRUE,,
Fresh,Center,1544,F7,39.8,2019-02-24,LITU,LI,,39.7,2020-03-10,LI,2021-03-09,40.3,LI,TRUE,,
Fresh,Center,1545,F8,15.2,2019-02-24,ACRU,LI,,15.3,2020-03-10,LI,2021-03-09,15,LI,TRUE,,
Fresh,Center,1546,F8,21.7,2019-02-24,ACRU,LI,F10,21.4,2020-03-10,LI,2021-03-09,21.4,LI,TRUE,,
Fresh,Center,1547,G8,33.3,2019-02-24,LIST2,LI,,32.9,2020-03-10,LI,2021-03-09,33.3,LI,TRUE,,"SP, WP"
Fresh,Center,1548,F6,28.1,2019-02-24,ACRU,LI,F11,28.2,2020-03-10,LI,2021-03-09,28.5,LI,TRUE,,
Fresh,Center,1549,F5,7.8,2019-02-24,CACA18,LI,,8.1,2020-03-10,LI,2021-03-09,8.2,LI,TRUE,,
Fresh,Center,1550,E6,21.6,2019-02-24,FAGR,LI,,22.1,2020-03-10,LI,2021-03-09,22.2,LI,TRUE,,
Fresh,Center,1551,D6,52.2,2019-02-24,LITU,LI,F6,52.3,2020-03-10,LI,2021-03-09,52.7,LI,TRUE,,
Fresh,Center,1552,D5,66,2019-02-24,LITU,LI,F3,66.2,2020-03-10,LI,2021-03-09,66.7,LI,TRUE,,
Fresh,Center,1553,E5,16.1,2019-02-24,LITU,LI,,16.2,2020-03-10,LI,2021-03-09,16.2,LI,TRUE,,
Fresh,Center,1554,E4,3.2,2019-02-24,NYSY,LI,,3.3,2020-03-10,LI,2021-03-09,3.2,LI,TRUE,,
Fresh,Center,1555,E4,5.4,2019-02-24,NYSY,LI,,5.5,2020-03-10,LI,2021-03-09,5.5,LI,TRUE,,
Fresh,Center,1556,E3,9.2,2019-02-24,NYSY,LI,,9.4,2020-03-10,LI,2021-03-09,9.3,LI,TRUE,,
Fresh,Center,1557,,7.5,2019-02-24,LITU,LI,,,2020-03-10,LI,2021-03-09,,,,2020/2021: couldn't find,
Fresh,Center,1558,D3,13.2,2019-02-24,FAGR,LI,,13.8,2020-03-10,LI,2021-03-09,13.8,LI,TRUE,,
Fresh,Center,1559,D2,38.4,2019-02-24,ACRU,LI,,38.3,2020-03-10,LI,2021-03-09,38.7,LI,TRUE,,
Fresh,Center,1560,D3,9.8,2019-02-24,LIST2,LI,,9.9,2020-03-10,LI,2021-03-09,9.9,LI,TRUE,,
Fresh,Center,1561,D2,55.8,2019-02-24,LITU,LI,F4,55.9,2020-03-10,LI,2021-03-09,56.4,LI,TRUE,,
Fresh,Center,1562,D2,20.5,2019-02-24,,DS,,,2020-03-10,DS,2021-03-09,,DS,TRUE,,
Fresh,Center,1563,E2,28,2019-02-24,ACRU,LI,F12,27.9,2020-03-10,LI,2021-03-09,28.2,LI,TRUE,,
Fresh,Center,1564,E1,7.8,2019-02-24,FAGR,LI,,8,2020-03-10,LI,2021-03-09,8.3,LI,TRUE,,
Fresh,Center,1565,E1,15,2019-02-24,NYSY,LI,,15.2,2020-03-10,LI,2021-03-09,15.1,LI,TRUE,,
Fresh,Center,1566,E1,55.7,2019-02-24,LITU,LI,,55.5,2020-03-10,LI,2021-03-09,56,LI,TRUE,,
Fresh,Center,1567,E2,22.9,2019-02-24,FAGR,LI,,23.2,2020-03-10,LI,2021-03-09,23.8,LI,TRUE,,
Fresh,Center,1568,C1,59.2,2019-02-24,LITU,LI,,59.6,2020-03-10,LI,2021-03-09,59.7,LI,TRUE,,
Fresh,East,1569,H8,40.4,2019-02-24,FAGR,LI,F18,39.6,2020-03-10,LI,2021-03-09,39.9,LI,TRUE,,
Fresh,East,1570,I8,24.8,2019-02-24,FAGR,LI,,25,2020-03-10,LI,2021-03-09,25.1,LI,TRUE,,
Fresh,East,1571,J8,8.3,2019-02-24,FAGR,LI,,8.5,2020-03-10,LI,2021-03-09,8.8,LI,TRUE,,
Fresh,East,1572,J8,8.2,2019-02-24,NYSY,LI,,8.2,2020-03-10,LI,2021-03-09,,,FALSE,,
Fresh,East,1573,I7,33.8,2019-02-24,ACRU,LI,,34.2,2020-03-10,LI,2021-03-09,34.1,LI,TRUE,,SP
Fresh,East,1574,I7,34.8,2019-02-24,QUFA,LI,,34.8,2020-03-10,LI,2021-03-09,34.9,LI,TRUE,QUVE?,SP
Fresh,East,1575,G7,12.1,2019-02-24,FAGR,LI,,12.2,2020-03-10,LI,2021-03-09,12.4,LI,TRUE,,
Fresh,East,1576,G6,69.1,2019-02-24,LITU,LI,F2,69.3,2020-03-10,LI,2021-03-09,68.8,LI,TRUE,,
Fresh,East,1577,H6,5.5,2019-02-24,FAGR,LI,,5.7,2020-03-10,LI,2021-03-09,5.8,LI,TRUE,,
Fresh,East,1578,H5,66.7,2019-02-24,LITU,LI,F1,66.8,2020-03-10,LI,2021-03-09,67.2,LI,TRUE,,
Fresh,East,1579,H5,26.6,2019-02-24,LITU,LI,,26.6,2020-03-10,LI,2021-03-09,26.7,LI,TRUE,,
Fresh,East,1580,I6,29.9,2019-02-24,FAGR,LI,F17,30.2,2020-03-10,LI,2021-03-09,30.5,LI,TRUE,,
Fresh,East,1581,I6,5.9,2019-02-24,FAGR,LI,,5.9,2020-03-10,LI,2021-03-09,6,LI,TRUE,,
Fresh,East,1582,J5,27.4,2019-02-24,,DS,,,2020-03-10,DS,2021-03-09,,DS,TRUE,,
Fresh,East,1583,I6,17.5,2019-02-24,QUAL,LI,,17.5,2020-03-10,LI,2021-03-09,17.7,LI,TRUE,,"SP, IR"
Fresh,East,1584,J6,1.9,2019-02-24,FAGR,LI,,1.9,2020-03-10,LI,2021-03-09,1.9,LI,TRUE,,
Fresh,East,1585,J6,12.8,2019-02-24,FAGR,LI,,13.1,2020-03-10,LI,2021-03-09,13.4,LI,TRUE,,
Fresh,East,1586,J5,40.6,2019-02-24,LITU,LI,,40.8,2020-03-10,LI,2021-03-09,41.2,LI,TRUE,,
Fresh,East,1587,J5,14.4,2019-02-24,NYSY,LI,,14.4,2020-03-10,LI,2021-03-09,14.4,LI,TRUE,,
Fresh,East,1588,I4,6.5,2019-02-24,CACA18,LI,,6.5,2020-03-10,LI,2021-03-09,6.7,LI,TRUE,,
Fresh,East,1589,H4,5.3,2019-02-24,FAGR,LI,,5.5,2020-03-10,LI,2021-03-09,5.6,LI,TRUE,,
Fresh,East,1590,G4,6.7,2019-02-24,NYSY,LI,,6.3,2020-03-10,LI,2021-03-09,6.4,LI,TRUE,,"SP, WDBH"
Fresh,East,1591,G3,79,2019-02-24,LITU,LI,F5,79.4,2020-03-10,LI,2021-03-09,79.8,LI,TRUE,,
Fresh,East,1592,G3,43.4,2019-02-24,ACRU,LI,F9,42.7,2020-03-10,LI,2021-03-09,43.2,LI,TRUE,,
Fresh,East,1593,G3,5.1,2019-02-24,,LI,,5.1,2020-03-10,LI,2021-03-09,5.2,LI,TRUE,,
Fresh,East,1594,H3,5.7,2019-02-24,FAGR,LI,,5.9,2020-03-10,LI,2021-03-09,6.1,LI,TRUE,,
Fresh,East,1595,H3,16.2,2019-02-24,CAGL8,LI,,16.2,2020-03-10,LI,2021-03-09,16.2,LI,TRUE,,SP
Fresh,East,1596,H4,26.8,2019-02-24,FAGR,LI,F16,26.9,2020-03-10,LI,2021-03-09,27.2,LI,TRUE,,
Fresh,East,1597,I3,37.8,2019-02-24,LIST2,LI,,37.6,2020-03-10,LI,2021-03-09,37.8,LI,TRUE,,SP
Fresh,East,1598,I3,17.8,2019-02-24,FAGR,LI,,18.1,2020-03-10,LI,2021-03-09,18.8,LI,TRUE,,
Fresh,East,1599,J2,61.6,2019-02-24,LITU,LI,,62,2020-03-10,LI,2021-03-09,62.7,LI,TRUE,,
Fresh,East,1600,J2,8.6,2019-02-24,FAGR,LI,,8.9,2020-03-10,LI,2021-03-09,9.2,LI,TRUE,,
Fresh,East,1601,J2,5.5,2019-02-24,FAGR,LI,,5.7,2020-03-10,LI,2021-03-09,6,LI,TRUE,,
Fresh,East,1602,I2,15.1,2019-02-24,PRSE2,DS,,,2020-03-10,DS,2021-03-09,,DS,TRUE,"fungus, WP, lower branches dead, not installed",
Fresh,East,1603,H2,26,2019-02-24,,DS,,,2020-03-10,DS,2021-03-09,,DS,TRUE,,
Fresh,East,1604,H2,22.3,2019-02-24,PRSE2,DS,,,2020-03-10,DS,2021-03-09,,DS,TRUE,"fungus, not installed",
Fresh,East,1605,H1,3.5,2019-02-24,FAGR,LI,,3.8,2020-03-10,LI,2021-03-09,4.2,LI,TRUE,,
Fresh,East,1606,G2,7.7,2019-02-24,NYSY,LI,,7.9,2020-03-10,LI,2021-03-09,8,LI,TRUE,,
Fresh,East,1607,F1,30.1,2019-02-24,,DS,,,2020-03-10,DS,2021-03-09,,DS,TRUE,,
Fresh,East,1608,F1,3.6,2019-02-24,NYSY,LI,,3.7,2020-03-10,LI,2021-03-09,3.9,LI,TRUE,,
Fresh,East,1609,H1,12.6,2019-02-24,ACRU,LI,,12.7,2020-03-10,LI,2021-03-09,12.7,LI,TRUE,,
Fresh,East,1610,H1,47.8,2019-02-24,LITU,LI,,48.2,2020-03-10,LI,2021-03-09,48.4,LI,TRUE,,
Fresh,East,1611,H1,5.9,2019-02-24,NYSY,LI,,6,2020-03-10,LI,2021-03-09,6,LI,TRUE,,
Fresh,East,1612,H1,36.7,2019-02-24,LITU,LI,,36.9,2020-03-10,LI,2021-03-09,,,FALSE,,
Fresh,East,1613,J1,38.3,2019-02-24,LITU,LI,,38.6,2020-03-10,LI,2021-03-09,,,FALSE,,"SP, IR"
Fresh,East,1614,,55.1,2019-02-24,LITU,LI,,54.8,2020-03-10,LI,2021-03-09,,,FALSE,,
Fresh,East,1615,,38.3,2019-02-24,LITU,LI,,38.4,2020-03-10,LI,2021-03-09,,,FALSE,,
Fresh,East,1616,,25,2019-02-24,LITU,LI,,25,2020-03-10,LI,2021-03-09,,,FALSE,,
Fresh,East,1617,,5.5,2019-02-24,LIST2,LI,,5.4,2020-03-10,LI,2021-03-09,,,FALSE,,
Fresh,East,1618,,17.9,2019-02-24,FAGR,LI,,17.8,2020-03-10,LI,2021-03-09,,,FALSE,,
Fresh,East,1619,,69.9,2019-02-24,LITU,LI,,69.6,2020-03-10,LI,2021-03-09,,,FALSE,,
Fresh,East,1620,,10.1,2019-02-24,CACA18,LI,,10.4,2020-03-10,LI,2021-03-09,,,FALSE,,
Fresh,East,1621,,42.5,2019-02-24,LITU,LI,,42.4,2020-03-10,LI,2021-03-09,,,FALSE,,"IR, SP, X"
Fresh,East,1622,,7.9,2019-02-24,FAGR,LI,,8.1,2020-03-10,LI,2021-03-09,,,FALSE,,
Fresh,East,1623,,44.1,2019-02-24,PI??,DS,,,2020-03-10,DS,2021-03-09,,,FALSE,,
Fresh,East,1624,,11.9,2019-02-24,FAGR,LI,,12.2,2020-03-10,LI,2021-03-09,,,FALSE,,
Fresh,East,1625,,20.7,2019-02-24,ACRU,LI,,21.2,2020-03-10,LI,2021-03-09,,,FALSE,,
Fresh,East,1626,,9.5,2019-02-24,FAGR,LI,,9.7,2020-03-10,LI,2021-03-09,,,FALSE,,
Fresh,East,1627,,7.9,2019-02-24,FAGR,LI,,8.1,2020-03-10,LI,2021-03-09,,,FALSE,,
Fresh,East,1628,,2.3,2019-02-24,FAGR,LI,,2.3,2020-03-10,LI,2021-03-09,,,FALSE,,
Fresh,East,1629,,68.7,2019-02-24,ACRU,LI,,69.2,2020-03-10,LI,2021-03-09,,,FALSE,,
Fresh,East,1630,,28.5,2019-02-24,FAGR,LI,,29,2020-03-10,LI,2021-03-09,,,FALSE,,
Fresh,East,1631,,8.6,2019-02-24,ACRU,LI,,8.7,2020-03-10,LI,2021-03-09,,,FALSE,,
Fresh,East,1632,,51,2019-02-24,LITU,LI,,51.5,2020-03-10,LI,2021-03-09,,,FALSE,,
Fresh,East,1633,,38.7,2019-02-24,,DS,,,2020-03-10,DS,2021-03-09,,,FALSE,,
Fresh,East,1634,,12.9,2019-02-24,,DS,,,2020-03-10,DS,2021-03-09,,,FALSE,,
Fresh,East,1635,J1,45.9,2019-02-24,LITU,LI,,46.7,2020-03-10,LI,2021-03-09,,,FALSE,,
Fresh,East,1636,,4.1,2019-02-24,NYSY,LI,,4.1,2020-03-10,LI,2021-03-09,,,TRUE,Next to 1591,
Fresh,West,1453,A3,,,,,,,,,,1.8,LI,TRUE,By 1525,
Fresh,Center,1454,D2,,,,,,,,,,7,LI,TRUE,By 1559,
Fresh,,1455,,,,,,,,,,,4.7,LI,TRUE,By 1543,
Salt,East,1701,I8,48.8,2019-02-24,LITU,LI,,49.1,2020-03-10,LI,2021-03-09,,,FALSE,,
Salt,East,1702,I8,23.5,2019-02-24,FAGR,LI,,23.7,2020-03-10,LI,2021-03-09,,,FALSE,,
Salt,East,1703,I8,32.7,2019-02-24,LITU,LI,,32.4,2020-03-10,LI,2021-03-09,,,FALSE,,
Salt,East,1704,I8,33.6,2019-02-24,LIST2,LI,,33.3,2020-03-10,LI,2021-03-09,,,FALSE,,SP
Salt,East,1705,I8,32.3,2019-02-24,LIST2,LI,,32.2,2020-03-10,LI,2021-03-09,,,FALSE,,SP
Salt,East,1706,I8,24.2,2019-02-24,LITU,LI,,24.3,2020-03-10,LI,2021-03-09,24.3,LI,TRUE,,
Salt,East,1707,I8,13.1,2019-02-24,FAGR,LI,,13.5,2020-03-10,LI,2021-03-09,13.7,LI,TRUE,,
Salt,East,1708,H8,45.4,2019-02-24,LIST2,LI,,44.8,2020-03-10,LI,2021-03-09,,,FALSE,,SP
Salt,East,1709,H8,27.5,2019-02-24,LITU,LI,,27.4,2020-03-10,LI,2021-03-09,,,FALSE,,
Salt,East,1710,H8,4.9,2019-02-24,FAGR,LI,,4.9,2020-03-10,LI,2021-03-09,,,FALSE,,
Salt,East,1711,H8,30.6,2019-02-24,LITU,LI,,30.6,2020-03-10,LI,2021-03-09,,,FALSE,,
Salt,East,1712,H8,47.8,2019-02-24,LITU,LI,,47.7,2020-03-10,LI,2021-03-09,,,FALSE,,
Salt,East,1713,H8,20.9,2019-02-24,FAGR,LI,,21.1,2020-03-10,LI,2021-03-09,,,FALSE,,
Salt,East,1714,H8,4.2,2019-02-24,FAGR,LI,,4.3,2020-03-10,LI,2021-03-09,,,FALSE,,
Salt,East,1715,H8,15.6,2019-02-24,,DS,,,2020-03-10,DS,2021-03-09,,DS,TRUE,,
Salt,East,1716,H8,20,2019-02-24,ACRU,LI,,20.2,2020-03-10,LI,2021-03-09,20.5,LI,TRUE,,
Salt,East,1717,G8,9.4,2019-02-24,CACA18,LI,,9.4,2020-03-10,LI,2021-03-09,9.5,LI,TRUE,,
Salt,East,1718,G8,64,2019-02-24,LITU,LI,,63.9,2020-03-10,LI,2021-03-09,64.3,LI,TRUE,,
Salt,East,1719,G8,6.8,2019-02-24,FAGR,LI,,6.6,2020-03-10,LI,2021-03-09,6.6,LI,TRUE,,
Salt,East,1720,F8,32.7,2019-02-24,LITU,LI,,33,2020-03-10,LI,2021-03-09,33.2,LI,TRUE,,
Salt,East,1721,F8,23,2019-02-24,FAGR,LI,,23.4,2020-03-10,LI,2021-03-09,23.7,LI,TRUE,,
Salt,East,1722,F8,18.2,2019-02-24,,DS,,,2020-03-10,DS,2021-03-09,,,FALSE,,
Salt,East,1723,F8,6.4,2019-02-24,FAGR,LI,,6.6,2020-03-10,LI,2021-03-09,,,FALSE,,
Salt,East,1724,F8,1.8,2019-02-24,FAGR,LI,,1.8,2020-03-10,LI,2021-03-09,,,FALSE,,
Salt,East,1725,F8,6,2019-02-24,FAGR,LI,,6.1,2020-03-10,LI,2021-03-09,,,FALSE,,
Salt,East,1726,F8,11.4,2019-02-24,ACRU,LI,,11.3,2020-03-10,LI,2021-03-09,,,FALSE,,
Salt,East,1727,F8,58.6,2019-02-24,LITU,LI,,59.1,2020-03-10,LI,2021-03-09,,,FALSE,,
Salt,East,1728,F8,20.7,2019-02-24,ACRU,LI,,20.5,2020-03-10,LI,2021-03-09,,,FALSE,,
Salt,East,1729,F8,6.3,2019-02-24,FAGR,LI,,6.4,2020-03-10,LI,2021-03-09,6.5,LI,TRUE,,
Salt,East,1730,E7,10.6,2019-02-24,FAGR,LI,,10.7,2020-03-10,LI,2021-03-09,10.9,LI,TRUE,,
Salt,East,1731,E7,7.7,2019-02-24,NYSY,LI,,7.6,2020-03-10,LI,2021-03-09,7.8,LI,TRUE,,
Salt,East,1732,E7,6.8,2019-02-24,FAGR,LI,,6.8,2020-03-10,LI,2021-03-09,6.9,LI,TRUE,,
Salt,East,1733,D7,24.9,2019-02-24,ACRU,LI,S7,25,2020-03-10,LI,2021-03-09,24.7,LI,TRUE,,
Salt,East,1734,C6,3.5,2019-02-24,FAGR,LI,,3.6,2020-03-10,LI,2021-03-09,3.6,LI,TRUE,,
Salt,East,1735,C7,7.6,2019-02-24,NYSY,LI,,7.6,2020-03-10,LI,2021-03-09,7.7,LI,TRUE,,
Salt,East,1736,C7,6.9,2019-02-24,FAGR,LI,,7,2020-03-10,LI,2021-03-09,7.1,LI,TRUE,,
Salt,East,1737,C7,39,2019-02-24,ACRU,LI,,38.9,2020-03-10,LI,2021-03-09,39,LI,TRUE,,
Salt,East,1738,D8,25.6,2019-02-24,LITU,LI,,25.7,2020-03-10,LI,2021-03-09,25.7,LI,TRUE,,
Salt,East,1739,D8,7,2019-02-24,NYSY,LI,,7,2020-03-10,LI,2021-03-09,,,FALSE,,
Salt,East,1740,C8,21.2,2019-02-24,ACRU,LI,,21.2,2020-03-10,LI,2021-03-09,21.2,LI,TRUE,,
Salt,East,1741,C8,7.9,2019-02-24,FAGR,LI,,7.9,2020-03-10,LI,2021-03-09,8.1,LI,TRUE,,
Salt,East,1742,C8,3.6,2019-02-24,FAGR,LI,,3.7,2020-03-10,LI,2021-03-09,3.7,LI,TRUE,,
Salt,East,1743,B7,11.9,2019-02-24,FAGR,LI,,12,2020-03-10,LI,2021-03-09,12,LI,TRUE,,
Salt,East,1744,B7,11.3,2019-02-24,FAGR,LI,,11.3,2020-03-10,LI,2021-03-09,11.5,LI,TRUE,,
Salt,East,1745,B8,50.3,2019-02-24,ACRU,LI,,50.5,2020-03-10,LI,2021-03-09,50.7,LI,TRUE,,
Salt,East,1746,B8,10.4,2019-02-24,FAGR,LI,,10.5,2020-03-10,LI,2021-03-09,10.8,LI,TRUE,,
Salt,East,1747,B8,22.4,2019-02-24,ACRU,LI,,22.3,2020-03-10,LI,2021-03-09,,,FALSE,,
Salt,East,1748,B8,4.7,2019-02-24,FAGR,LI,,4.8,2020-03-10,LI,2021-03-09,4.9,LI,TRUE,,
Salt,East,1749,A8,21,2019-02-24,ACRU,LI,,21.1,2020-03-10,LI,2021-03-09,21.3,LI,TRUE,,
Salt,East,1750,A8,45.7,2019-02-24,LITU,LI,,45.9,2020-03-10,LI,2021-03-09,46.2,LI,TRUE,,
Salt,East,1751,A7,2.8,2019-02-24,FAGR,LI,,3,2020-03-10,LI,2021-03-09,3.2,LI,TRUE,,
Salt,East,1752,B8,28.9,2019-02-24,,DS,,,2020-03-10,DS,2021-03-09,,DS,TRUE,,
Salt,East,1753,B7,18.2,2019-02-24,FAGR,LI,,18.4,2020-03-10,LI,2021-03-09,18.6,LI,TRUE,,
Salt,East,1754,B6,31.7,2019-02-24,LITU,LI,,32,2020-03-10,LI,2021-03-09,32,LI,TRUE,,
Salt,East,1755,B6,17.5,2019-02-24,FAGR,LI,,18,2020-03-10,LI,2021-03-09,18,LI,TRUE,,
Salt,East,1756,A6,19.2,2019-02-24,ACRU,LI,,19,2020-03-10,LI,2021-03-09,19.2,LI,TRUE,,
Salt,East,1757,A7,25.2,2019-02-24,,DS,,,2020-03-10,DS,2021-03-09,,,FALSE,,
Salt,East,1758,A6,30.1,2019-02-24,FAGR,LI,,30.7,2020-03-10,LI,2021-03-09,,,FALSE,,
Salt,Center,1759,I7,35.6,2019-02-24,LITU,LI,,35.5,2020-03-10,LI,2021-03-09,35.6,LI,TRUE,,SP
Salt,Center,1760,J7,43.7,2019-02-24,LITU,LI,,44.3,2020-03-10,LI,2021-03-09,44.8,LI,TRUE,,
Salt,Center,1761,J7,8.8,2019-02-24,FAGR,LI,,8.8,2020-03-10,LI,2021-03-09,9,LI,TRUE,,
Salt,Center,1762,I6,39.3,2019-02-24,LIST2,LI,,39.1,2020-03-10,LI,2021-03-09,39,LI,TRUE,,SP
Salt,Center,1763,I6,4.1,2019-02-24,FAGR,LI,,4.1,2020-03-10,LI,2021-03-09,4.2,LI,TRUE,,
Salt,Center,1764,I7,8.9,2019-02-24,FAGR,LI,,9.2,2020-03-10,LI,2021-03-09,9.6,LI,TRUE,,
Salt,Center,1765,I7,3.7,2019-02-24,CAGL8,LI,,3.8,2020-03-10,LI,2021-03-09,3.8,LI,TRUE,,
Salt,Center,1766,I7,5.3,2019-02-24,FAGR,LI,,5.5,2020-03-10,LI,2021-03-09,5.6,LI,TRUE,,
Salt,Center,1767,G6,7.3,2019-02-24,ACRU,LI,,7.3,2020-03-10,LI,2021-03-09,7.4,DS,TRUE,,
Salt,Center,1768,H6,42.1,2019-02-24,LITU,LI,,42.3,2020-03-10,LI,2021-03-09,42.4,LI,TRUE,,
Salt,Center,1769,G7,8.2,2019-02-24,FAGR,LI,,8.3,2020-03-10,LI,2021-03-09,8.4,LI,TRUE,,
Salt,Center,1770,G7,6.4,2019-02-24,FAGR,LI,,6.5,2020-03-10,LI,2021-03-09,6.6,LI,TRUE,,
Salt,Center,1771,F7,47.3,2019-02-24,LITU,LI,S1,47.4,2020-03-10,LI,2021-03-09,47.7,LI,TRUE,,
Salt,Center,1772,F6,20.3,2019-02-24,ACRU,LI,S11,20.7,2020-03-10,LI,2021-03-09,21,LI,TRUE,,
Salt,Center,1773,G6,49.3,2019-02-24,LITU,LI,S6,49.8,2020-03-10,LI,2021-03-09,49.7,LI,TRUE,,
Salt,Center,1774,G5,34.4,2019-02-24,LITU,LI,,34.4,2020-03-10,LI,2021-03-09,34.6,LI,TRUE,,
Salt,Center,1775,G6,18.2,2019-02-24,ACRU,LI,S10,18,2020-03-10,LI,2021-03-09,18.4,LI,TRUE,,
Salt,Center,1776,F4,24.5,2019-02-24,ACRU,LI,S12,24.2,2020-03-10,LI,2021-03-09,24.7,LI,TRUE,,
Salt,Center,1777,F5,38.2,2019-02-24,LITU,LI,,38.2,2020-03-10,LI,2021-03-09,38.3,LI,TRUE,,
Salt,Center,1778,F5,44,2019-02-24,LITU,LI,S5,44,2020-03-10,LI,2021-03-09,44.2,LI,TRUE,,
Salt,Center,1779,F5,12.1,2019-02-24,FAGR,LI,,12.1,2020-03-10,LI,2021-03-09,12.2,LI,TRUE,,
Salt,Center,1780,E5,19.3,2019-02-24,FAGR,LI,,19.6,2020-03-10,LI,2021-03-09,19.9,LI,TRUE,,
Salt,Center,1781,E6,50.4,2019-02-24,LITU,LI,S4,50.4,2020-03-10,LI,2021-03-09,50.8,LI,TRUE,,
Salt,Center,1782,E6,5.6,2019-02-24,FAGR,LI,,5.7,2020-03-10,LI,2021-03-09,5.8,LI,TRUE,,
Salt,Center,1783,E5,36.7,2019-02-24,LITU,LI,S3,36.6,2020-03-10,LI,2021-03-09,36.9,LI,TRUE,,
Salt,Center,1784,D5,2.7,2019-02-24,FAGR,LI,,2.7,2020-03-10,LI,2021-03-09,2.7,LI,TRUE,,
Salt,Center,1785,D6,6.5,2019-02-24,FAGR,LI,,6.5,2020-03-10,LI,2021-03-09,6.7,LI,TRUE,,
Salt,Center,1786,D6,10.4,2019-02-24,FAGR,LI,,10.7,2020-03-10,LI,2021-03-09,10.9,LI,TRUE,,
Salt,Center,1787,C6,12.2,2019-02-24,FAGR,LI,,12.5,2020-03-10,LI,2021-03-09,12.8,LI,TRUE,,
Salt,Center,1788,C6,28.9,2019-02-24,ACRU,LI,S8,28.8,2020-03-10,LI,2021-03-09,29.3,LI,TRUE,,
Salt,Center,1789,C5,6.4,2019-02-24,FAGR,LI,,6.5,2020-03-10,LI,2021-03-09,6.6,LI,TRUE,,
Salt,Center,1790,C5,61,2019-02-24,LITU,LI,S2,61.5,2020-03-10,LI,2021-03-09,61.7,LI,TRUE,,
Salt,Center,1791,C5,4.7,2019-02-24,FAGR,LI,,4.8,2020-03-10,LI,2021-03-09,4.8,LI,TRUE,,
Salt,Center,1792,D4,11.7,2019-02-24,FAGR,LI,,11.8,2020-03-10,LI,2021-03-09,12,LI,TRUE,,
Salt,Center,1793,C4,11.3,2019-02-24,,DS,,,2020-03-10,DS,2021-03-09,,DS,TRUE,,
Salt,Center,1794,C4,8.8,2019-02-24,FAGR,LI,,8.9,2020-03-10,LI,2021-03-09,9,LI,TRUE,,
Salt,Center,1795,C4,5.6,2019-02-24,CAGL8,LI,,5.7,2020-03-10,LI,2021-03-09,5.7,LI,TRUE,,
Salt,Center,1796,C5,8.2,2019-02-24,ACRU,LI,,8.2,2020-03-10,LI,2021-03-09,8.2,LI,TRUE,,
Salt,Center,1797,C5,12,2019-02-24,COFL2,LI,,12,2020-03-10,LI,2021-03-09,12.1,LI,TRUE,,
Salt,Center,1798,B5,67.9,2019-02-24,LITU,LI,,68,2020-03-10,LI,2021-03-09,68.4,LI,TRUE,,
Salt,Center,1799,B5,22.1,2019-02-24,LITU,LI,,22.2,2020-03-10,LI,2021-03-09,22.1,LI,TRUE,,SP
Salt,Center,1800,A5,28.7,2019-02-24,LITU,LI,,29.4,2020-03-10,LI,2021-03-09,29.6,LI,TRUE,,SP
Salt,Center,1801,A5,7.5,2019-02-24,FAGR,LI,,7.6,2020-03-10,LI,2021-03-09,7.7,LI,TRUE,,
Salt,West,1802,J5,16.3,2019-02-24,QUFA,LI,,16.4,2020-03-10,LI,2021-03-09,16.5,LI,TRUE,,SP
Salt,West,1803,I5,42.1,2019-02-24,LITU,LI,,42.4,2020-03-10,LI,2021-03-09,42.6,LI,TRUE,,
Salt,West,1804,I5,10.3,2019-02-24,FAGR,LI,,10.4,2020-03-10,LI,2021-03-09,10.6,LI,TRUE,,
Salt,West,1805,I5,4.1,2019-02-24,FAGR,LI,,4.1,2020-03-10,LI,2021-03-09,4.1,LI,TRUE,,
Salt,West,1806,I5,16.9,2019-02-24,FAGR,LI,,17.1,2020-03-10,LI,2021-03-09,17.4,LI,TRUE,,
Salt,West,1807,I5,19,2019-02-24,,LI,,19,2020-03-10,LI,2021-03-09,19.1,LI,TRUE,,
Salt,West,1808,I5,29.1,2019-02-24,LIST2,LI,,29.1,2020-03-10,LI,2021-03-09,28.9,LI,TRUE,,"M, SP"
Salt,West,1809,I5,29.1,2019-02-24,LIST2,LI,,29.1,2020-03-10,LI,2021-03-09,29.2,LI,TRUE,,"SEC, SP"
Salt,West,1810,I4,4.5,2019-02-24,FAGR,LI,,4.5,2020-03-10,LI,2021-03-09,4.5,LI,TRUE,,
Salt,West,1811,I3,41.7,2019-02-24,LITU,LI,,41.8,2020-03-10,LI,2021-03-09,42.3,LI,TRUE,,
Salt,West,1812,I3,37.8,2019-02-24,LIST2,LI,,37.5,2020-03-10,LI,2021-03-09,37.5,LI,TRUE,,"M, SP"
Salt,West,1813,I3,30.9,2019-02-24,LIST2,LI,,30.5,2020-03-10,LI,2021-03-09,30.4,LI,TRUE,,"SEC, SP"
Salt,West,1814,I3,11.3,2019-02-24,FAGR,LI,,11.3,2020-03-10,LI,2021-03-09,11.5,LI,TRUE,,
Salt,West,1815,H3,43.3,2019-02-24,LITU,LI,,43.4,2020-03-10,LI,2021-03-09,43.7,LI,TRUE,,
Salt,West,1816,H4,33.2,2019-02-24,CATO6,LI,,33.5,2020-03-10,LI,2021-03-09,33.5,LI,TRUE,,"SEC, SP"
Salt,West,1817,H5,47.1,2019-02-24,LITU,LI,,47.2,2020-03-10,LI,2021-03-09,47.4,LI,TRUE,,
Salt,West,1818,H5,18.1,2019-02-24,FAGR,LI,,18.3,2020-03-10,LI,2021-03-09,18.7,LI,TRUE,,
Salt,West,1819,G5,4.3,2019-02-24,FAGR,LI,,4.3,2020-03-10,LI,2021-03-09,4.4,LI,TRUE,,
Salt,West,1820,G5,51.4,2019-02-24,LITU,LI,,51.5,2020-03-10,LI,2021-03-09,51.9,LI,TRUE,,
Salt,West,1821,G4,11.4,2019-02-24,FAGR,LI,,11.5,2020-03-10,LI,2021-03-09,11.7,LI,TRUE,,
Salt,West,1822,G3,40.5,2019-02-24,LITU,LI,,40.5,2020-03-10,LI,2021-03-09,40.8,LI,TRUE,,
Salt,West,1823,H3,14.1,2019-02-24,QUAL,LI,,14.4,2020-03-10,LI,2021-03-09,14.4,LI,TRUE,,SP
Salt,West,1824,G3,50.3,2019-02-24,LITU,LI,,50.7,2020-03-10,LI,2021-03-09,21,LI,TRUE,,
Salt,West,1825,G3,2.6,2019-02-24,FAGR,LI,,2.6,2020-03-10,LI,2021-03-09,2.6,LI,TRUE,,
Salt,West,1826,G3,9,2019-02-24,FAGR,LI,,9,2020-03-10,LI,2021-03-09,9,LI,TRUE,,
Salt,West,1827,F2,6.1,2019-02-24,FAGR,LI,,6.2,2020-03-10,LI,2021-03-09,6.2,LI,TRUE,,
Salt,West,1828,F3,20.2,2019-02-24,FAGR,LI,,20.3,2020-03-10,LI,2021-03-09,20.5,LI,TRUE,,
Salt,West,1829,E4,21.6,2019-02-24,FAGR,LI,S15,22,2020-03-10,LI,2021-03-09,22.5,LI,TRUE,No tag; Tag found 3/2021 and re-mounted,
Salt,West,1830,E3,35.6,2019-02-24,LITU,LI,,35.6,2020-03-10,LI,2021-03-09,35.8,LI,TRUE,,
Salt,West,1831,D3,31.7,2019-02-24,LITU,LI,,31.6,2020-03-10,LI,2021-03-09,31.7,LI,TRUE,,
Salt,West,1832,D3,3.6,2019-02-24,FAGR,LI,,3.8,2020-03-10,LI,2021-03-09,4,LI,TRUE,,
Salt,West,1833,D3,3.5,2019-02-24,FAGR,LI,,3.6,2020-03-10,LI,2021-03-09,3.8,LI,TRUE,,
Salt,West,1834,D3,2.7,2019-02-24,FAGR,LI,,2.8,2020-03-10,LI,2021-03-09,2.9,LI,TRUE,,
Salt,West,1835,D2,14,2019-02-24,ACRU,LI,,14,2020-03-10,LI,2021-03-09,14.2,LI,TRUE,,
Salt,West,1836,D3,55.5,2019-02-24,LITU,LI,,55.5,2020-03-10,LI,2021-03-09,56,LI,TRUE,,
Salt,West,1837,C3,3.8,2019-02-24,NYSY,LI,,3.9,2020-03-10,LI,2021-03-09,4,LI,TRUE,,
Salt,West,1838,C3,46.6,2019-02-24,LITU,LI,,46.3,2020-03-10,LI,2021-03-09,46.5,LI,TRUE,,
Salt,West,1839,C2,27.3,2019-02-24,FAGR,LI,S16,27.6,2020-03-10,LI,2021-03-09,28,LI,TRUE,,
Salt,West,1840,C2,7.5,2019-02-24,FAGR,LI,,7.7,2020-03-10,LI,2021-03-09,7.8,LI,TRUE,,
Salt,West,1841,C2,16.1,2019-02-24,FAGR,LI,,16.2,2020-03-10,LI,2021-03-09,16.3,LI,TRUE,,
Salt,West,1842,C2,2.5,2019-02-24,FAGR,LI,,2.5,2020-03-10,LI,2021-03-09,2.6,LI,TRUE,,
Salt,West,1843,B1,3.6,2019-02-24,FAGR,LI,,3.7,2020-03-10,LI,2021-03-09,3.8,LI,TRUE,,
Salt,West,1844,B2,35.5,2019-02-24,LIST2,LI,,35.4,2020-03-10,LI,2021-03-09,35.4,LI,TRUE,,SP
Salt,West,1845,B3,40.2,2019-02-24,LITU,LI,,40.7,2020-03-10,LI,2021-03-09,40.9,LI,TRUE,,
Salt,West,1846,B3,8,2019-02-24,FAGR,LI,,8.3,2020-03-10,LI,2021-03-09,8.6,LI,TRUE,,
Salt,West,1847,A3,40.7,2019-02-24,LITU,LI,,40.8,2020-03-10,LI,2021-03-09,40.9,LI,TRUE,,
Salt,West,1848,A2,34.2,2019-02-24,FAGR,LI,S13,34.6,2020-03-10,LI,2021-03-09,35.2,LI,TRUE,,
Salt,West,1849,B1,5.3,2019-02-24,FAGR,LI,,5.4,2020-03-10,LI,2021-03-09,5.5,LI,TRUE,,
Salt,West,1850,J2,14.2,2019-02-24,CAGL8,LI,,14.5,2020-03-10,LI,2021-03-09,14.7,LI,TRUE,,
Salt,West,1851,I2,30.2,2019-02-24,FAGR,LI,S14,30.6,2020-03-10,LI,2021-03-09,31,LI,TRUE,,
Salt,West,1852,I1,50.1,2019-02-24,LITU,LI,,50.6,2020-03-10,LI,2021-03-09,50.6,LI,TRUE,,
Salt,West,1853,I1,62.7,2019-02-24,LITU,LI,,62.9,2020-03-10,LI,2021-03-09,63.5,LI,TRUE,,
Salt,West,1854,H1,12.8,2019-02-24,FAGR,LI,,13.1,2020-03-10,LI,2021-03-09,13.1,LI,TRUE,,SP
Salt,West,1855,H2,42.4,2019-02-24,LITU,LI,,42.7,2020-03-10,LI,2021-03-09,43.2,LI,TRUE,,
Salt,West,1856,H2,5.3,2019-02-24,FAGR,LI,,5.4,2020-03-10,LI,2021-03-09,5.5,LI,TRUE,,
Salt,West,1857,H2,5.2,2019-02-24,FAGR,LI,,5.3,2020-03-10,LI,2021-03-09,5.4,LI,TRUE,,
Salt,West,1858,H1,4.8,2019-02-24,FAGR,LI,,4.8,2020-03-10,LI,2021-03-09,4.8,LI,TRUE,,
Salt,West,1859,G1,7,2019-02-24,FAGR,LI,,7,2020-03-10,LI,2021-03-09,7.1,LI,TRUE,,
Salt,West,1860,G1,35.9,2019-02-24,LIST2,LI,,35.9,2020-03-10,LI,2021-03-09,,,FALSE,,SP
Salt,West,1861,G1,39.9,2019-02-24,LITU,LI,,40,2020-03-10,LI,2021-03-09,40.1,LI,TRUE,,
Salt,West,1862,G1,24.2,2019-02-24,LITU,LI,,24.3,2020-03-10,LI,2021-03-09,24.3,LI,TRUE,,
Salt,West,1863,G1,9.2,2019-02-24,FAGR,LI,,9.3,2020-03-10,LI,2021-03-09,9.5,LI,TRUE,,
Salt,West,1864,F1,23.5,2019-02-24,FAGR,LI,,23.5,2020-03-10,LI,2021-03-09,24,LI,TRUE,,
Salt,West,1865,F2,34.1,2019-02-24,ACRU,LI,S9,34.2,2020-03-10,LI,2021-03-09,34.4,LI,TRUE,,
Salt,West,1866,D2,2.4,2019-02-24,FAGR,LI,,2.6,2020-03-10,LI,2021-03-09,2.7,LI,TRUE,,
Salt,West,1867,D1,3,2019-02-24,FAGR,LI,,3,2020-03-10,LI,2021-03-09,3.1,LI,TRUE,,
Salt,West,1868,D1,32.5,2019-02-24,FAGR,LI,S17,33.1,2020-03-10,LI,2021-03-09,33.1,LI,TRUE,,
Salt,West,1869,D1,19,2019-02-24,ACRU,LI,,19,2020-03-10,LI,2021-03-09,,,FALSE,,
Salt,West,1870,D1,51.6,2019-02-24,LITU,LI,,51.6,2020-03-10,LI,2021-03-09,,,FALSE,,
Salt,West,1871,C1,35.8,2019-02-24,LITU,LI,,35.7,2020-03-10,LI,2021-03-09,,,FALSE,,
Salt,West,1872,C1,9.4,2019-02-24,FAGR,LI,,9.6,2020-03-10,LI,2021-03-09,,,FALSE,,
Salt,West,1873,C1,46.6,2019-02-24,LITU,LI,,47,2020-03-10,LI,2021-03-09,,,FALSE,,
Salt,West,1874,C1,2.6,2019-02-24,FAGR,LI,,2.7,2020-03-10,LI,2021-03-09,,,FALSE,,
Salt,West,1875,C1,8.6,2019-02-24,FAGR,LI,,8.8,2020-03-10,LI,2021-03-09,8.8,LI,TRUE,,
Salt,West,1876,C1,49.5,2019-02-24,LIST2,LI,,49.5,2020-03-10,LI,2021-03-09,49.6,LI,TRUE,,"IR, SP"
Salt,West,1877,C1,20,2019-02-24,LITU,LI,,20.1,2020-03-10,LI,2021-03-09,20.1,LI,TRUE,,SP
Salt,West,1878,C1,10.2,2019-02-24,FAGR,LI,,10.3,2020-03-10,LI,2021-03-09,,,FALSE,,
Salt,West,1879,C1,10.1,2019-02-24,ACRU,LI,,10.3,2020-03-10,LI,2021-03-09,,,FALSE,,SP
Salt,West,1880,C1,55.1,2019-02-24,LITU,LI,,55.2,2020-03-10,LI,2021-03-09,,,FALSE,,
Salt,West,1881,C1,10.7,2019-02-24,FAGR,LI,,10.7,2020-03-10,LI,2021-03-09,,,FALSE,,
Salt,West,1882,C1,7,2019-02-24,FAGR,LI,,7,2020-03-10,LI,2021-03-09,,,FALSE,,
Salt,West,1883,C1,10.8,2019-02-24,FAGR,LI,,10.6,2020-03-10,LI,2021-03-09,,,FALSE,,
Salt,West,1884,G5,6.2,2019-02-24,FAGR,LI,,6.3,2020-03-10,LI,2021-03-09,6.5,LI,TRUE,Next to 1774,
Salt,West,1885,G2,40.6,2019-02-24,LIST2,LI,,40.8,2020-03-10,LI,2021-03-09,40.6,LI,TRUE,Next to 1823,SP
Salt,,1886,J8,,,NYSY,,,,,,2021-03-09,7.8,LI,TRUE,,
Salt,,1887,I7,,,NYSY,,,,,,2021-03-09,3.1,LI,TRUE,By 1765,
Salt,,1888,J7,,,NYSY,,,,,,2021-03-09,7.5,LI,TRUE,,
Salt,,1889,J6,,,,,,,,,2021-03-09,25.4,LI,TRUE,,
Salt,,1890,J6,,,FAGR,,,,,,2021-03-09,21.2,LI,TRUE,,
Salt,,1891,J6,,,LITU,,,,,,2021-03-09,58.2,LI,TRUE,,
Salt,,1892,J2,,,LITU,,,,,,2021-03-09,50.2,LI,TRUE,,
Salt,,1893,A2,,,,,,,,,2021-03-09,17.2,LI,TRUE,,
Salt,,1894,A2,,,FAGR,,,,,,2021-03-09,2.6,LI,TRUE,,
Salt,,1895,A3,,,,,,,,,2021-03-09,38.9,DS,TRUE,,
Salt,,1896,A2,,,,,,,,,2021-03-09,26.6,LI,TRUE,,
Salt,,1897,A2,,,FAGR,,,,,,2021-03-09,1.4,LI,TRUE,,
Salt,,1898,A1,,,FAGR,,,,,,2021-03-09,9.7,LI,TRUE,,